HVC,RGB
2.5YR_1_2,46_22_21
2.5YR_5_2,142_116_113
2.5YR_7_6,226_158_134
2.5YR_1_4,57_14_12
2.5YR_5_4,157_111_99
2.5YR_7_8,239_152_117
2.5YR_1_6,65_4_5
2.5YR_5_6,170_106_83
2.5YR_7_10,250_147_100
2.5YR_1_8,73_0_0
2.5YR_5_8,182_100_65
2.5YR_7_12,255_141_78
2.5YR_2_2,66_44_42
2.5YR_5_10,191_95_46
2.5YR_7_14,255_136_51
2.5YR_2_4,78_38_31
2.5YR_5_12,198_90_21
2.5YR_7_16,255_131_4
2.5YR_2_6,87_32_20
2.5YR_5_14,204_86_0
2.5YR_7_18,255_128_0
2.5YR_2_8,96_22_2
2.5YR_5_16,208_82_0
2.5YR_7_20,255_125_0
2.5YR_3_2,91_66_62
2.5YR_6_2,169_141_139
2.5YR_8_2,221_194_195
2.5YR_3_4,104_61_49
2.5YR_6_4,184_137_125
2.5YR_8_4,240_189_176
2.5YR_3_6,114_55_35
2.5YR_6_6,198_132_109
2.5YR_8_6,255_184_159
2.5YR_3_8,123_49_18
2.5YR_6_8,210_126_93
2.5YR_8_8,255_178_141
2.5YR_3_10,130_43_0
2.5YR_6_10,221_121_74
2.5YR_8_10,255_173_122
2.5YR_4_2,117_90_87
2.5YR_6_12,230_116_52
2.5YR_8_12,255_167_101
2.5YR_4_4,131_85_73
2.5YR_6_14,238_111_21
2.5YR_9_2,249_221_223
2.5YR_4_6,142_80_58
2.5YR_6_16,243_107_0
2.5YR_9_4,255_215_202
2.5YR_4_8,152_75_42
2.5YR_6_18,248_103_0
2.5YR_9_6,255_210_182
2.5YR_4_10,160_69_20
2.5YR_7_2,195_168_167
2.5YR_4_12,166_65_0
2.5YR_7_4,211_163_151
5.0YR_1_2,45_23_17
5.0YR_5_6,167_108_74
5.0YR_7_8,234_156_106
5.0YR_1_4,55_16_2
5.0YR_5_8,177_104_54
5.0YR_7_10,244_152_85
5.0YR_2_2,65_44_39
5.0YR_5_10,184_100_31
5.0YR_7_12,253_148_58
5.0YR_2_4,75_40_25
5.0YR_5_12,190_97_0
5.0YR_7_14,255_144_17
5.0YR_2_6,84_35_5
5.0YR_5_14,194_94_0
5.0YR_7_16,255_141_0
5.0YR_3_2,90_67_60
5.0YR_6_2,168_142_137
5.0YR_7_18,255_139_0
5.0YR_3_4,101_63_45
5.0YR_6_4,182_138_119
5.0YR_7_20,255_138_0
5.0YR_3_6,110_58_27
5.0YR_6_6,195_134_100
5.0YR_8_2,221_194_191
5.0YR_3_8,117_54_1
5.0YR_6_8,206_130_80
5.0YR_8_4,238_190_171
5.0YR_4_2,116_91_84
5.0YR_6_10,215_126_58
5.0YR_8_6,251_186_151
5.0YR_4_4,129_87_67
5.0YR_6_12,222_122_29
5.0YR_8_8,255_182_129
5.0YR_4_6,139_83_50
5.0YR_6_14,227_119_0
5.0YR_8_10,255_178_108
5.0YR_4_8,147_79_31
5.0YR_6_16,231_117_0
5.0YR_8_12,255_174_83
5.0YR_4_10,153_75_0
5.0YR_6_18,234_115_0
5.0YR_8_14,255_170_53
5.0YR_4_12,158_72_0
5.0YR_7_2,195_168_164
5.0YR_9_2,249_221_218
5.0YR_5_2,141_116_111
5.0YR_7_4,210_164_145
5.0YR_9_4,255_217_195
5.0YR_5_4,155_112_93
5.0YR_7_6,223_160_125
5.0YR_9_6,255_212_174
7.5YR_1_2,43_24_14
7.5YR_5_10,177_105_10
7.5YR_7_14,249_151_0
7.5YR_2_2,63_45_37
7.5YR_5_12,181_103_0
7.5YR_7_16,252_150_0
7.5YR_2_4,73_42_20
7.5YR_5_14,184_102_0
7.5YR_7_18,255_149_0
7.5YR_2_6,80_39_0
7.5YR_6_2,167_143_134
7.5YR_8_2,221_195_187
7.5YR_3_2,89_67_58
7.5YR_6_4,180_139_115
7.5YR_8_4,235_192_166
7.5YR_3_4,98_64_41
7.5YR_6_6,191_136_93
7.5YR_8_6,247_188_144
7.5YR_3_6,106_61_20
7.5YR_6_8,200_133_70
7.5YR_8_8,255_185_120
7.5YR_3_8,111_59_0
7.5YR_6_10,207_130_43
7.5YR_8_10,255_182_96
7.5YR_4_2,115_92_82
7.5YR_6_12,213_128_0
7.5YR_8_12,255_180_67
7.5YR_4_4,127_88_62
7.5YR_6_14,216_126_0
7.5YR_8_14,255_177_24
7.5YR_4_6,135_85_43
7.5YR_6_16,219_125_0
7.5YR_8_16,255_175_0
7.5YR_4_8,141_83_19
7.5YR_7_2,194_169_161
7.5YR_8_18,255_174_0
7.5YR_4_10,146_80_0
7.5YR_7_4,207_165_140
7.5YR_8_20,255_173_0
7.5YR_5_2,140_117_109
7.5YR_7_6,219_162_118
7.5YR_9_2,249_222_213
7.5YR_5_4,153_114_89
7.5YR_7_8,228_159_96
7.5YR_9_4,255_218_189
7.5YR_5_6,163_110_67
7.5YR_7_10,236_156_72
7.5YR_9_6,255_215_166
7.5YR_5_8,171_107_44
7.5YR_7_12,244_153_38
7.5YR_9_8,255_212_143
10.0YR_1_2,42_25_11
10.0YR_5_10,169_110_0
10.0YR_7_16,240_157_0
10.0YR_2_2,62_46_36
10.0YR_5_12,172_109_0
10.0YR_7_18,242_156_0
10.0YR_2_4,70_44_15
10.0YR_6_2,165_144_131
10.0YR_8_2,219_196_184
10.0YR_3_2,86_69_56
10.0YR_6_4,176_141_109
10.0YR_8_4,230_194_160
10.0YR_3_4,95_66_37
10.0YR_6_6,186_139_85
10.0YR_8_6,241_192_136
10.0YR_3_6,101_64_12
10.0YR_6_8,193_137_60
10.0YR_8_8,250_189_111
10.0YR_3_8,106_62_0
10.0YR_6_10,199_135_26
10.0YR_8_10,255_187_84
10.0YR_4_2,112_93_79
10.0YR_6_12,203_134_0
10.0YR_8_12,255_185_51
10.0YR_4_4,123_90_58
10.0YR_6_14,206_133_0
10.0YR_8_14,255_184_0
10.0YR_4_6,130_88_36
10.0YR_7_2,192_170_157
10.0YR_8_16,255_182_0
10.0YR_4_8,135_86_3
10.0YR_7_4,203_167_134
10.0YR_8_18,255_182_0
10.0YR_4_10,138_85_0
10.0YR_7_6,213_165_110
10.0YR_8_20,255_181_0
10.0YR_5_2,138_118_106
10.0YR_7_8,221_163_86
10.0YR_9_2,247_223_209
10.0YR_5_4,149_116_84
10.0YR_7_10,228_161_58
10.0YR_9_4,255_221_183
10.0YR_5_6,158_113_59
10.0YR_7_12,233_159_5
10.0YR_9_6,255_219_159
10.0YR_5_8,164_111_32
10.0YR_7_14,237_158_0
10.0YR_9_8,255_216_133
2.5R_1_2,45_21_31
2.5R_1_4,54_14_33
2.5R_1_6,62_3_34
2.5R_1_8,70_0_36
2.5R_1_10,78_0_38
2.5R_2_2,66_43_50
2.5R_2_4,77_36_49
2.5R_2_6,87_28_49
2.5R_2_8,98_14_49
2.5R_2_10,107_0_49
2.5R_2_12,117_0_50
2.5R_2_14,127_0_51
2.5R_3_2,92_65_71
2.5R_3_4,106_58_67
2.5R_3_6,117_50_64
2.5R_3_8,129_39_61
2.5R_3_10,140_21_58
2.5R_3_12,151_0_56
2.5R_3_14,160_0_54
2.5R_3_16,170_0_53
2.5R_4_2,116_90_96
2.5R_4_4,131_83_92
2.5R_4_6,144_76_88
2.5R_4_8,156_68_84
2.5R_4_10,167_57_81
2.5R_4_12,178_44_78
2.5R_4_14,189_18_75
2.5R_4_16,199_0_72
2.5R_4_18,210_0_70
2.5R_5_2,141_116_123
2.5R_5_4,156_109_118
2.5R_5_6,171_102_113
2.5R_5_8,184_95_108
2.5R_5_10,197_86_104
2.5R_5_12,209_74_100
2.5R_5_14,219_62_97
2.5R_5_16,231_42_93
2.5R_5_18,242_0_90
2.5R_5_20,253_0_88
2.5R_6_2,167_141_150
2.5R_6_4,183_135_145
2.5R_6_6,198_129_139
2.5R_6_8,211_122_134
2.5R_6_10,224_114_129
2.5R_6_12,237_104_124
2.5R_6_14,249_94_120
2.5R_6_16,255_79_116
2.5R_6_18,255_62_112
2.5R_7_2,193_167_177
2.5R_7_4,209_162_171
2.5R_7_6,225_155_165
2.5R_7_8,240_148_160
2.5R_7_10,254_140_154
2.5R_7_12,255_130_148
2.5R_7_14,255_120_144
2.5R_7_16,255_107_139
2.5R_8_2,218_194_205
2.5R_8_4,237_188_198
2.5R_8_6,254_181_192
2.5R_8_8,255_173_185
2.5R_8_10,255_165_179
2.5R_9_2,245_221_233
2.5R_9_4,255_214_225
2.5R_9_6,255_206_218
5.0R_1_2,46_21_29
5.0R_1_4,55_14_29
5.0R_1_6,64_2_29
5.0R_1_8,72_0_29
5.0R_1_10,79_0_30
5.0R_2_2,67_43_48
5.0R_2_4,78_36_45
5.0R_2_6,88_28_42
5.0R_2_8,99_13_40
5.0R_2_10,109_0_39
5.0R_2_12,118_0_38
5.0R_2_14,129_0_37
5.0R_3_2,92_65_69
5.0R_3_4,107_58_62
5.0R_3_6,118_51_57
5.0R_3_8,130_40_51
5.0R_3_10,141_23_46
5.0R_3_12,151_0_42
5.0R_3_14,160_0_38
5.0R_3_16,170_0_35
5.0R_4_2,117_90_94
5.0R_4_4,132_83_87
5.0R_4_6,145_76_80
5.0R_4_8,157_68_74
5.0R_4_10,168_58_67
5.0R_4_12,178_46_61
5.0R_4_14,189_24_55
5.0R_4_16,199_0_49
5.0R_4_18,209_0_44
5.0R_5_2,141_116_121
5.0R_5_4,158_109_114
5.0R_5_6,172_103_106
5.0R_5_8,185_95_99
5.0R_5_10,198_86_91
5.0R_5_12,210_75_84
5.0R_5_14,220_63_78
5.0R_5_16,232_45_71
5.0R_5_18,242_2_65
5.0R_5_20,252_0_60
5.0R_6_2,167_141_148
5.0R_6_4,184_135_140
5.0R_6_6,199_129_132
5.0R_6_8,212_122_126
5.0R_6_10,226_114_118
5.0R_6_12,239_105_111
5.0R_6_14,250_95_104
5.0R_6_16,255_82_96
5.0R_6_18,255_65_89
5.0R_7_2,194_167_175
5.0R_7_4,211_162_167
5.0R_7_6,226_155_159
5.0R_7_8,242_148_151
5.0R_7_10,255_140_144
5.0R_7_12,255_131_135
5.0R_7_14,255_121_127
5.0R_8_2,218_194_203
5.0R_8_4,239_188_194
5.0R_8_6,255_181_185
5.0R_8_8,255_173_176
5.0R_8_10,255_165_167
5.0R_9_2,246_221_231
5.0R_9_4,255_214_220
5.0R_9_6,255_206_210
7.5R_1_2,46_21_27
7.5R_1_4,56_14_25
7.5R_1_6,65_2_23
7.5R_1_8,73_0_23
7.5R_1_10,80_0_23
7.5R_2_2,67_43_46
7.5R_2_4,79_37_41
7.5R_2_6,89_29_36
7.5R_2_8,99_16_31
7.5R_2_10,109_0_27
7.5R_2_12,119_0_23
7.5R_2_14,128_0_21
7.5R_3_2,92_65_67
7.5R_3_4,106_59_58
7.5R_3_6,118_51_50
7.5R_3_8,129_42_42
7.5R_3_10,139_28_33
7.5R_3_12,150_0_25
7.5R_3_14,159_0_18
7.5R_3_16,168_0_9
7.5R_4_2,117_90_92
7.5R_4_4,132_83_83
7.5R_4_6,145_77_74
7.5R_4_8,157_69_65
7.5R_4_10,168_60_56
7.5R_4_12,178_49_46
7.5R_4_14,188_32_36
7.5R_4_16,197_0_26
7.5R_4_18,206_0_14
7.5R_4_20,216_0_0
7.5R_5_2,142_116_119
7.5R_5_4,158_109_109
7.5R_5_6,172_103_99
7.5R_5_8,186_96_89
7.5R_5_10,198_87_79
7.5R_5_12,210_77_68
7.5R_5_14,220_66_58
7.5R_5_16,230_51_46
7.5R_5_18,239_29_34
7.5R_5_20,248_0_21
7.5R_6_2,168_141_145
7.5R_6_4,185_136_136
7.5R_6_6,199_129_126
7.5R_6_8,213_123_116
7.5R_6_10,227_115_104
7.5R_6_12,239_107_93
7.5R_6_14,250_97_82
7.5R_6_16,255_86_69
7.5R_6_18,255_73_56
7.5R_7_2,195_167_173
7.5R_7_4,212_162_162
7.5R_7_6,227_156_152
7.5R_7_8,243_148_140
7.5R_7_10,255_141_130
7.5R_7_12,255_133_117
7.5R_7_14,255_124_105
7.5R_7_16,255_113_92
7.5R_8_2,219_194_201
7.5R_8_4,240_188_189
7.5R_8_6,255_181_177
7.5R_8_8,255_174_164
7.5R_8_10,255_166_153
7.5R_9_2,247_221_229
7.5R_9_4,255_214_214
7.5R_9_6,255_207_201
10.0R_1_2,46_22_25
10.0R_1_4,56_14_20
10.0R_1_6,65_2_17
10.0R_1_8,73_0_14
10.0R_1_10,81_0_12
10.0R_2_2,67_43_44
10.0R_2_4,78_37_36
10.0R_2_6,88_30_28
10.0R_2_8,98_18_20
10.0R_2_10,108_0_13
10.0R_2_12,117_0_5
10.0R_2_14,127_0_0
10.0R_3_2,92_65_64
10.0R_3_4,106_59_54
10.0R_3_6,117_53_44
10.0R_3_8,128_44_32
10.0R_3_10,137_33_20
10.0R_3_12,147_12_1
10.0R_3_14,156_0_0
10.0R_4_2,117_90_90
10.0R_4_4,132_84_78
10.0R_4_6,144_78_66
10.0R_4_8,156_71_54
10.0R_4_10,166_63_40
10.0R_4_12,174_55_22
10.0R_4_14,183_44_0
10.0R_4_16,189_32_0
10.0R_5_2,142_116_116
10.0R_5_4,158_110_104
10.0R_5_6,172_104_90
10.0R_5_8,185_97_77
10.0R_5_10,196_90_61
10.0R_5_12,206_82_44
10.0R_5_14,215_75_24
10.0R_5_16,222_66_0
10.0R_5_18,229_56_0
10.0R_6_2,169_141_143
10.0R_6_4,185_136_130
10.0R_6_6,199_130_117
10.0R_6_8,212_124_103
10.0R_6_10,225_117_88
10.0R_6_12,236_110_72
10.0R_6_14,246_102_52
10.0R_6_16,255_95_28
10.0R_6_18,255_86_0
10.0R_7_2,195_167_170
10.0R_7_4,212_162_156
10.0R_7_6,228_156_143
10.0R_7_8,242_150_128
10.0R_7_10,254_144_114
10.0R_7_12,255_136_97
10.0R_7_14,255_129_78
10.0R_7_16,255_121_56
10.0R_8_2,220_194_199
10.0R_8_4,241_188_183
10.0R_8_6,255_182_168
10.0R_8_8,255_176_152
10.0R_8_10,255_169_137
10.0R_9_2,248_221_226
10.0R_9_4,255_214_208
10.0R_9_6,255_208_192
2.5Y_1_2,39_27_9
2.5Y_2_2,59_47_34
2.5Y_2_4,66_46_10
2.5Y_3_2,84_70_55
2.5Y_3_4,91_68_34
2.5Y_3_6,96_67_4
2.5Y_4_2,110_94_78
2.5Y_4_4,118_92_55
2.5Y_4_6,124_91_30
2.5Y_4_8,128_90_0
2.5Y_4_10,131_89_0
2.5Y_5_2,136_119_104
2.5Y_5_4,145_118_80
2.5Y_5_6,152_116_53
2.5Y_5_8,157_115_21
2.5Y_5_10,160_114_0
2.5Y_5_12,162_113_0
2.5Y_6_2,162_145_129
2.5Y_6_4,171_144_105
2.5Y_6_6,179_142_79
2.5Y_6_8,185_141_50
2.5Y_6_10,190_139_0
2.5Y_6_12,193_139_0
2.5Y_6_14,195_138_0
2.5Y_7_2,189_171_155
2.5Y_7_4,199_169_130
2.5Y_7_6,207_168_105
2.5Y_7_8,213_167_78
2.5Y_7_10,219_165_44
2.5Y_7_12,223_164_0
2.5Y_7_14,226_164_0
2.5Y_7_16,228_163_0
2.5Y_8_2,216_197_181
2.5Y_8_4,225_196_156
2.5Y_8_6,234_195_130
2.5Y_8_8,241_193_104
2.5Y_8_10,247_192_74
2.5Y_8_12,252_191_30
2.5Y_8_14,255_190_0
2.5Y_8_16,255_189_0
2.5Y_8_18,255_188_0
2.5Y_8_20,255_188_0
2.5Y_9_2,244_224_207
2.5Y_9_4,254_223_179
2.5Y_9_6,255_222_153
2.5Y_9_8,255_220_126
2.5Y_9_10,255_219_98
2.5Y_9_12,255_218_63
5.0Y_1_2,37_28_9
5.0Y_2_2,57_48_34
5.0Y_2_4,63_47_6
5.0Y_3_2,81_71_55
5.0Y_3_4,87_70_33
5.0Y_3_6,91_69_0
5.0Y_4_2,107_95_77
5.0Y_4_4,113_94_52
5.0Y_4_6,118_94_25
5.0Y_4_8,121_93_0
5.0Y_5_2,133_120_103
5.0Y_5_4,140_120_77
5.0Y_5_6,145_119_48
5.0Y_5_8,149_118_10
5.0Y_5_10,151_118_0
5.0Y_5_12,153_118_0
5.0Y_6_2,159_146_128
5.0Y_6_4,166_146_102
5.0Y_6_6,172_145_74
5.0Y_6_8,177_144_42
5.0Y_6_10,180_144_0
5.0Y_6_12,182_143_0
5.0Y_6_14,183_143_0
5.0Y_7_2,186_172_153
5.0Y_7_4,193_172_127
5.0Y_7_6,198_171_100
5.0Y_7_8,204_171_71
5.0Y_7_10,208_170_29
5.0Y_7_12,211_170_0
5.0Y_7_14,212_169_0
5.0Y_7_16,214_169_0
5.0Y_8_2,213_198_179
5.0Y_8_4,219_198_153
5.0Y_8_6,225_198_125
5.0Y_8_8,231_198_96
5.0Y_8_10,235_197_63
5.0Y_8_12,238_197_0
5.0Y_8_14,241_196_0
5.0Y_8_16,242_196_0
5.0Y_8_18,243_196_0
5.0Y_9_2,241_225_205
5.0Y_9_4,248_225_177
5.0Y_9_6,253_225_149
5.0Y_9_8,255_225_119
5.0Y_9_10,255_225_89
5.0Y_9_12,255_224_45
5.0Y_9_14,255_224_0
5.0Y_9_16,255_223_0
5.0Y_9_18,255_223_0
5.0Y_9_20,255_223_0
7.5Y_1_2,34_28_11
7.5Y_2_2,55_49_35
7.5Y_2_4,59_49_5
7.5Y_3_2,79_71_55
7.5Y_3_4,82_72_32
7.5Y_3_6,85_71_0
7.5Y_4_2,104_96_77
7.5Y_4_4,108_96_51
7.5Y_4_6,111_96_23
7.5Y_4_8,113_96_0
7.5Y_5_2,130_121_102
7.5Y_5_4,135_121_76
7.5Y_5_6,138_122_46
7.5Y_5_8,141_122_0
7.5Y_5_10,142_121_0
7.5Y_5_12,144_121_0
7.5Y_6_2,157_147_127
7.5Y_6_4,161_147_101
7.5Y_6_6,165_148_72
7.5Y_6_8,168_148_37
7.5Y_6_10,170_148_0
7.5Y_6_12,172_147_0
7.5Y_6_14,173_147_0
7.5Y_7_2,184_173_153
7.5Y_7_4,188_173_126
7.5Y_7_6,192_174_99
7.5Y_7_8,195_174_68
7.5Y_7_10,198_174_19
7.5Y_7_12,200_174_0
7.5Y_7_14,201_174_0
7.5Y_7_16,202_174_0
7.5Y_8_2,211_199_178
7.5Y_8_4,215_200_152
7.5Y_8_6,219_200_124
7.5Y_8_8,222_200_93
7.5Y_8_10,225_201_58
7.5Y_8_12,228_201_0
7.5Y_8_14,229_201_0
7.5Y_8_16,230_200_0
7.5Y_8_18,231_200_0
7.5Y_9_2,239_226_204
7.5Y_9_4,243_227_176
7.5Y_9_6,247_227_147
7.5Y_9_8,251_228_117
7.5Y_9_10,254_228_85
7.5Y_9_12,255_228_36
7.5Y_9_14,255_228_0
7.5Y_9_16,255_228_0
7.5Y_9_18,255_228_0
10.0Y_1_2,31_29_14
10.0Y_2_2,52_50_36
10.0Y_2_4,54_50_8
10.0Y_3_2,76_72_56
10.0Y_3_4,78_73_32
10.0Y_3_6,79_74_0
10.0Y_4_2,101_97_78
10.0Y_4_4,103_98_52
10.0Y_4_6,105_98_22
10.0Y_4_8,106_99_0
10.0Y_5_2,128_122_103
10.0Y_5_4,130_123_77
10.0Y_5_6,131_124_47
10.0Y_5_8,133_124_0
10.0Y_5_10,133_125_0
10.0Y_5_12,134_125_0
10.0Y_6_2,154_148_127
10.0Y_6_4,157_149_102
10.0Y_6_6,159_150_73
10.0Y_6_8,160_150_37
10.0Y_6_10,161_151_0
10.0Y_6_12,161_151_0
10.0Y_6_14,162_151_0
10.0Y_7_2,181_174_153
10.0Y_7_4,184_175_126
10.0Y_7_6,186_176_99
10.0Y_7_8,187_176_68
10.0Y_7_10,189_177_14
10.0Y_7_12,189_177_0
10.0Y_7_14,190_178_0
10.0Y_7_16,190_178_0
10.0Y_8_2,208_200_178
10.0Y_8_4,211_201_152
10.0Y_8_6,213_202_123
10.0Y_8_8,215_203_93
10.0Y_8_10,216_204_57
10.0Y_8_12,217_204_0
10.0Y_8_14,218_204_0
10.0Y_8_16,218_205_0
10.0Y_8_18,218_205_0
10.0Y_9_2,236_227_204
10.0Y_9_4,239_228_175
10.0Y_9_6,241_229_147
10.0Y_9_8,243_230_116
10.0Y_9_10,245_231_83
10.0Y_9_12,246_231_32
10.0Y_9_14,247_232_0
10.0Y_9_16,247_232_0
10.0Y_9_18,248_232_0
2.5GY_1_2,28_30_17
2.5GY_2_2,50_50_38
2.5GY_2_4,48_52_15
2.5GY_3_2,73_73_57
2.5GY_3_4,72_75_35
2.5GY_3_6,71_76_3
2.5GY_4_2,98_98_80
2.5GY_4_4,97_99_55
2.5GY_4_6,96_101_28
2.5GY_4_8,95_102_0
2.5GY_5_2,124_123_105
2.5GY_5_4,123_125_80
2.5GY_5_6,123_126_52
2.5GY_5_8,122_127_11
2.5GY_5_10,120_128_0
2.5GY_5_12,120_129_0
2.5GY_6_2,151_149_129
2.5GY_6_4,150_151_104
2.5GY_6_6,149_152_77
2.5GY_6_8,148_154_43
2.5GY_6_10,148_155_0
2.5GY_6_12,147_155_0
2.5GY_6_14,146_156_0
2.5GY_7_2,178_175_154
2.5GY_7_4,177_177_129
2.5GY_7_6,177_178_104
2.5GY_7_8,176_180_73
2.5GY_7_10,175_181_27
2.5GY_7_12,174_182_0
2.5GY_7_14,174_182_0
2.5GY_7_16,173_183_0
2.5GY_8_2,205_201_179
2.5GY_8_4,205_203_154
2.5GY_8_6,204_205_127
2.5GY_8_8,203_206_99
2.5GY_8_10,203_208_62
2.5GY_8_12,202_209_0
2.5GY_8_14,201_209_0
2.5GY_8_16,201_210_0
2.5GY_8_18,201_210_0
2.5GY_9_2,233_228_204
2.5GY_9_4,233_230_177
2.5GY_9_6,233_232_149
2.5GY_9_8,232_234_119
2.5GY_9_10,231_235_87
2.5GY_9_12,230_236_37
2.5GY_9_14,229_237_0
2.5GY_9_16,229_238_0
2.5GY_9_18,229_238_0
5.0GY_1_2,26_30_19
5.0GY_1_4,18_33_0
5.0GY_2_2,48_51_40
5.0GY_2_4,43_53_21
5.0GY_2_6,37_55_0
5.0GY_3_2,70_74_59
5.0GY_3_4,66_76_40
5.0GY_3_6,61_78_15
5.0GY_3_8,57_80_0
5.0GY_4_2,95_98_82
5.0GY_4_4,91_101_60
5.0GY_4_6,87_103_36
5.0GY_4_8,83_105_0
5.0GY_4_10,79_106_0
5.0GY_5_2,121_124_107
5.0GY_5_4,117_126_85
5.0GY_5_6,113_129_61
5.0GY_5_8,109_131_30
5.0GY_5_10,105_132_0
5.0GY_5_12,102_133_0
5.0GY_6_2,148_149_131
5.0GY_6_4,144_152_108
5.0GY_6_6,140_155_85
5.0GY_6_8,136_157_56
5.0GY_6_10,132_158_7
5.0GY_6_12,129_160_0
5.0GY_6_14,126_161_0
5.0GY_7_2,175_175_156
5.0GY_7_4,171_178_133
5.0GY_7_6,167_181_110
5.0GY_7_8,164_183_83
5.0GY_7_10,160_185_48
5.0GY_7_12,156_186_0
5.0GY_7_14,153_187_0
5.0GY_7_16,151_188_0
5.0GY_8_2,202_202_181
5.0GY_8_4,199_204_157
5.0GY_8_6,196_207_132
5.0GY_8_8,192_209_107
5.0GY_8_10,188_211_76
5.0GY_8_12,184_213_25
5.0GY_8_14,181_215_0
5.0GY_8_16,178_216_0
5.0GY_8_18,176_216_0
5.0GY_8_20,176_217_0
5.0GY_9_2,230_229_206
5.0GY_9_4,227_232_179
5.0GY_9_6,224_234_153
5.0GY_9_8,220_237_125
5.0GY_9_10,216_239_95
5.0GY_9_12,212_241_55
5.0GY_9_14,209_242_0
5.0GY_9_16,206_244_0
5.0GY_9_18,204_244_0
7.5GY_1_2,24_31_22
7.5GY_1_4,9_34_5
7.5GY_2_2,45_51_43
7.5GY_2_4,36_54_28
7.5GY_2_6,25_57_10
7.5GY_2_8,2_59_0
7.5GY_3_2,67_74_63
7.5GY_3_4,58_77_47
7.5GY_3_6,49_80_30
7.5GY_3_8,37_82_2
7.5GY_3_10,17_84_0
7.5GY_4_2,91_99_86
7.5GY_4_4,82_103_68
7.5GY_4_6,73_105_49
7.5GY_4_8,62_108_25
7.5GY_4_10,50_110_0
7.5GY_4_12,33_112_0
7.5GY_5_2,117_125_111
7.5GY_5_4,109_128_93
7.5GY_5_6,99_131_74
7.5GY_5_8,90_134_52
7.5GY_5_10,79_136_20
7.5GY_5_12,68_138_0
7.5GY_5_14,56_140_0
7.5GY_6_2,142_151_135
7.5GY_6_4,134_154_117
7.5GY_6_6,126_157_98
7.5GY_6_8,117_160_75
7.5GY_6_10,107_163_50
7.5GY_6_12,97_165_4
7.5GY_6_14,86_167_0
7.5GY_6_16,77_169_0
7.5GY_7_2,169_177_160
7.5GY_7_4,161_180_142
7.5GY_7_6,153_183_122
7.5GY_7_8,144_187_101
7.5GY_7_10,135_189_77
7.5GY_7_12,125_192_46
7.5GY_7_14,115_194_0
7.5GY_7_16,106_196_0
7.5GY_7_18,99_197_0
7.5GY_8_2,196_203_186
7.5GY_8_4,187_207_166
7.5GY_8_6,179_210_145
7.5GY_8_8,171_213_124
7.5GY_8_10,162_216_101
7.5GY_8_12,152_219_72
7.5GY_8_14,142_222_26
7.5GY_8_16,133_224_0
7.5GY_8_18,125_225_0
7.5GY_8_20,119_226_0
7.5GY_9_2,223_230_211
7.5GY_9_4,214_234_189
7.5GY_9_6,206_238_166
7.5GY_9_8,197_242_144
7.5GY_9_10,188_245_119
7.5GY_9_12,179_247_92
7.5GY_9_14,169_250_57
7.5GY_9_16,159_252_0
7.5GY_9_18,150_254_0
10.0GY_1_2,22_31_24
10.0GY_1_4,1_35_13
10.0GY_1_6,0_37_2
10.0GY_2_2,43_51_45
10.0GY_2_4,30_55_35
10.0GY_2_6,11_57_24
10.0GY_2_8,0_60_10
10.0GY_2_10,0_62_0
10.0GY_2_12,0_64_0
10.0GY_3_2,64_75_66
10.0GY_3_4,52_78_54
10.0GY_3_6,37_81_41
10.0GY_3_8,10_84_27
10.0GY_3_10,0_86_9
10.0GY_3_12,0_88_0
10.0GY_3_14,0_90_0
10.0GY_4_2,88_99_89
10.0GY_4_4,76_103_75
10.0GY_4_6,61_107_61
10.0GY_4_8,42_110_45
10.0GY_4_10,0_113_27
10.0GY_4_12,0_115_0
10.0GY_4_14,0_117_0
10.0GY_4_16,0_119_0
10.0GY_5_2,113_125_114
10.0GY_5_4,101_129_100
10.0GY_5_6,88_133_86
10.0GY_5_8,72_136_70
10.0GY_5_10,51_139_53
10.0GY_5_12,4_142_30
10.0GY_5_14,0_144_0
10.0GY_5_16,0_146_0
10.0GY_5_18,0_148_0
10.0GY_6_2,138_151_139
10.0GY_6_4,127_155_124
10.0GY_6_6,114_159_109
10.0GY_6_8,99_163_93
10.0GY_6_10,82_166_77
10.0GY_6_12,60_169_58
10.0GY_6_14,11_172_33
10.0GY_6_16,0_174_0
10.0GY_6_18,0_176_0
10.0GY_6_20,0_178_0
10.0GY_7_2,164_177_165
10.0GY_7_4,153_182_149
10.0GY_7_6,141_185_135
10.0GY_7_8,127_189_119
10.0GY_7_10,111_192_102
10.0GY_7_12,92_196_83
10.0GY_7_14,68_199_63
10.0GY_7_16,21_201_35
10.0GY_7_18,0_204_0
10.0GY_7_20,0_206_0
10.0GY_7_22,0_208_0
10.0GY_8_2,191_204_190
10.0GY_8_4,179_208_174
10.0GY_8_6,166_213_158
10.0GY_8_8,153_216_143
10.0GY_8_10,137_220_125
10.0GY_8_12,120_223_106
10.0GY_8_14,99_226_87
10.0GY_8_16,71_229_64
10.0GY_8_18,12_232_28
10.0GY_8_20,0_235_0
10.0GY_8_22,0_237_0
10.0GY_8_24,0_239_0
10.0GY_9_2,217_231_216
10.0GY_9_4,204_236_199
10.0GY_9_6,189_241_180
10.0GY_9_8,176_245_164
10.0GY_9_10,160_249_145
10.0GY_9_12,144_252_128
10.0GY_9_14,124_255_108
10.0GY_9_16,99_255_84
10.0GY_9_18,64_255_55
2.5G_1_2,20_31_26
2.5G_1_4,0_35_19
2.5G_1_6,0_38_13
2.5G_1_8,0_41_8
2.5G_2_2,41_52_47
2.5G_2_4,24_55_40
2.5G_2_6,0_58_34
2.5G_2_8,0_60_29
2.5G_2_10,0_63_24
2.5G_2_12,0_65_19
2.5G_2_14,0_66_16
2.5G_2_16,0_68_13
2.5G_3_2,62_75_68
2.5G_3_4,45_79_61
2.5G_3_6,18_82_54
2.5G_3_8,0_85_48
2.5G_3_10,0_88_42
2.5G_3_12,0_90_36
2.5G_3_14,0_91_32
2.5G_3_16,0_93_28
2.5G_3_18,0_94_25
2.5G_3_20,0_95_22
2.5G_3_22,0_97_20
2.5G_4_2,85_100_93
2.5G_4_4,68_104_84
2.5G_4_6,43_108_75
2.5G_4_8,0_112_68
2.5G_4_10,0_115_60
2.5G_4_12,0_117_53
2.5G_4_14,0_119_47
2.5G_4_16,0_121_42
2.5G_4_18,0_123_37
2.5G_4_20,0_124_34
2.5G_4_22,0_125_30
2.5G_4_24,0_127_27
2.5G_4_26,0_128_24
2.5G_5_2,110_126_118
2.5G_5_4,94_130_109
2.5G_5_6,74_134_100
2.5G_5_8,46_138_91
2.5G_5_10,0_141_83
2.5G_5_12,0_144_74
2.5G_5_14,0_147_67
2.5G_5_16,0_149_59
2.5G_5_18,0_152_53
2.5G_5_20,0_153_47
2.5G_5_22,0_155_42
2.5G_5_24,0_156_37
2.5G_5_26,0_158_33
2.5G_5_28,0_159_29
2.5G_6_2,135_152_143
2.5G_6_4,118_157_133
2.5G_6_6,100_161_123
2.5G_6_8,78_164_114
2.5G_6_10,43_168_105
2.5G_6_12,0_171_97
2.5G_6_14,0_174_87
2.5G_6_16,0_177_79
2.5G_6_18,0_179_71
2.5G_6_20,0_182_64
2.5G_6_22,0_184_57
2.5G_6_24,0_186_50
2.5G_6_26,0_188_43
2.5G_6_28,0_189_37
2.5G_7_2,161_178_169
2.5G_7_4,144_183_159
2.5G_7_6,128_187_149
2.5G_7_8,107_191_138
2.5G_7_10,80_195_128
2.5G_7_12,32_198_118
2.5G_7_14,0_202_109
2.5G_7_16,0_205_100
2.5G_7_18,0_207_91
2.5G_7_20,0_210_82
2.5G_7_22,0_212_73
2.5G_7_24,0_214_66
2.5G_7_26,0_217_57
2.5G_8_2,186_205_195
2.5G_8_4,170_210_184
2.5G_8_6,151_215_173
2.5G_8_8,132_218_162
2.5G_8_10,109_222_152
2.5G_8_12,74_226_141
2.5G_8_14,0_229_131
2.5G_8_16,0_233_120
2.5G_8_18,0_236_110
2.5G_8_20,0_239_100
2.5G_8_22,0_241_91
2.5G_8_24,0_243_82
2.5G_9_2,212_232_222
2.5G_9_4,195_237_210
2.5G_9_6,174_243_196
2.5G_9_8,154_247_185
2.5G_9_10,130_251_173
2.5G_9_12,102_255_163
2.5G_9_14,56_255_151
2.5G_9_16,0_255_140
5.0G_1_2,19_31_27
5.0G_1_4,0_35_23
5.0G_1_6,0_38_20
5.0G_1_8,0_41_18
5.0G_2_2,40_52_48
5.0G_2_4,21_55_44
5.0G_2_6,0_58_40
5.0G_2_8,0_61_38
5.0G_2_10,0_63_35
5.0G_2_12,0_65_34
5.0G_2_14,0_66_33
5.0G_2_16,0_68_32
5.0G_3_2,60_75_70
5.0G_3_4,40_79_65
5.0G_3_6,0_83_61
5.0G_3_8,0_85_58
5.0G_3_10,0_88_55
5.0G_3_12,0_90_53
5.0G_3_14,0_92_51
5.0G_3_16,0_93_50
5.0G_3_18,0_94_49
5.0G_3_20,0_96_48
5.0G_3_22,0_97_47
5.0G_4_2,84_100_95
5.0G_4_4,63_105_89
5.0G_4_6,33_109_84
5.0G_4_8,0_112_79
5.0G_4_10,0_115_76
5.0G_4_12,0_118_73
5.0G_4_14,0_120_70
5.0G_4_16,0_122_69
5.0G_4_18,0_123_67
5.0G_4_20,0_125_66
5.0G_4_22,0_126_65
5.0G_4_24,0_127_65
5.0G_4_26,0_128_64
5.0G_5_2,108_126_121
5.0G_5_4,89_130_114
5.0G_5_6,66_135_109
5.0G_5_8,19_138_103
5.0G_5_10,0_142_99
5.0G_5_12,0_145_95
5.0G_5_14,0_148_92
5.0G_5_16,0_150_90
5.0G_5_18,0_152_88
5.0G_5_20,0_154_86
5.0G_5_22,0_155_85
5.0G_5_24,0_157_83
5.0G_5_26,0_158_82
5.0G_5_28,0_160_82
5.0G_6_2,133_152_146
5.0G_6_4,113_157_139
5.0G_6_6,91_161_133
5.0G_6_8,62_165_128
5.0G_6_10,0_169_124
5.0G_6_12,0_172_119
5.0G_6_14,0_175_115
5.0G_6_16,0_178_112
5.0G_6_18,0_180_110
5.0G_6_20,0_183_107
5.0G_6_22,0_185_105
5.0G_6_24,0_187_103
5.0G_6_26,0_188_102
5.0G_6_28,0_190_101
5.0G_7_2,158_178_173
5.0G_7_4,139_183_166
5.0G_7_6,119_188_160
5.0G_7_8,93_192_154
5.0G_7_10,51_196_148
5.0G_7_12,0_199_143
5.0G_7_14,0_203_138
5.0G_7_16,0_206_135
5.0G_7_18,0_209_132
5.0G_7_20,0_211_129
5.0G_7_22,0_214_126
5.0G_7_24,0_216_124
5.0G_7_26,0_217_123
5.0G_8_2,184_205_199
5.0G_8_4,165_210_192
5.0G_8_6,142_215_184
5.0G_8_8,117_220_178
5.0G_8_10,83_224_172
5.0G_8_12,0_228_167
5.0G_8_14,0_231_162
5.0G_8_16,0_234_158
5.0G_8_18,0_237_154
5.0G_8_20,0_240_151
5.0G_8_22,0_243_148
5.0G_9_2,210_232_226
5.0G_9_4,189_238_218
5.0G_9_6,163_244_209
5.0G_9_8,137_249_203
5.0G_9_10,105_253_197
5.0G_9_12,46_255_191
7.5G_1_2,18_31_28
7.5G_1_4,0_35_26
7.5G_1_6,0_38_25
7.5G_1_8,0_41_24
7.5G_2_2,39_52_49
7.5G_2_4,17_56_47
7.5G_2_6,0_58_45
7.5G_2_8,0_61_44
7.5G_2_10,0_63_43
7.5G_2_12,0_65_42
7.5G_2_14,0_67_42
7.5G_2_16,0_68_42
7.5G_3_2,59_75_72
7.5G_3_4,36_80_69
7.5G_3_6,0_83_66
7.5G_3_8,0_85_65
7.5G_3_10,0_88_63
7.5G_3_12,0_90_62
7.5G_3_14,0_92_62
7.5G_3_16,0_93_61
7.5G_3_18,0_95_61
7.5G_3_20,0_96_60
7.5G_3_22,0_97_60
7.5G_4_2,82_100_97
7.5G_4_4,60_105_93
7.5G_4_6,23_109_90
7.5G_4_8,0_112_87
7.5G_4_10,0_115_85
7.5G_4_12,0_118_84
7.5G_4_14,0_120_83
7.5G_4_16,0_122_82
7.5G_4_18,0_124_81
7.5G_4_20,0_125_81
7.5G_4_22,0_126_80
7.5G_4_24,0_127_80
7.5G_4_26,0_128_80
7.5G_5_2,107_126_123
7.5G_5_4,86_131_118
7.5G_5_6,60_135_115
7.5G_5_8,0_139_112
7.5G_5_10,0_142_109
7.5G_5_12,0_145_107
7.5G_5_14,0_148_105
7.5G_5_16,0_150_104
7.5G_5_18,0_152_103
7.5G_5_20,0_154_102
7.5G_5_22,0_156_101
7.5G_5_24,0_157_101
7.5G_5_26,0_158_100
7.5G_5_28,0_160_100
7.5G_6_2,132_152_149
7.5G_6_4,110_157_144
7.5G_6_6,86_161_140
7.5G_6_8,51_165_137
7.5G_6_10,0_169_134
7.5G_6_12,0_172_131
7.5G_6_14,0_175_129
7.5G_6_16,0_178_127
7.5G_6_18,0_181_125
7.5G_6_20,0_183_124
7.5G_6_22,0_185_123
7.5G_6_24,0_187_122
7.5G_6_26,0_188_121
7.5G_6_28,0_190_120
7.5G_7_2,157_178_175
7.5G_7_4,137_183_170
7.5G_7_6,115_188_166
7.5G_7_8,85_192_162
7.5G_7_10,26_196_158
7.5G_7_12,0_200_155
7.5G_7_14,0_203_152
7.5G_7_16,0_206_150
7.5G_7_18,0_209_148
7.5G_7_20,0_212_146
7.5G_7_22,0_214_145
7.5G_7_24,0_216_144
7.5G_7_26,0_217_143
7.5G_8_2,183_205_202
7.5G_8_4,162_210_197
7.5G_8_6,137_215_192
7.5G_8_8,110_220_188
7.5G_8_10,70_224_183
7.5G_8_12,0_228_180
7.5G_8_14,0_231_177
7.5G_8_16,0_235_174
7.5G_8_18,0_238_171
7.5G_8_20,0_240_169
7.5G_9_2,208_232_229
7.5G_9_4,186_238_223
7.5G_9_6,158_244_217
7.5G_9_8,128_249_212
7.5G_9_10,92_253_208
7.5G_9_12,0_255_204
10.0G_1_2,17_31_30
10.0G_1_4,0_35_29
10.0G_1_6,0_38_30
10.0G_1_8,0_41_31
10.0G_2_2,38_52_51
10.0G_2_4,13_56_50
10.0G_2_6,0_58_49
10.0G_2_8,0_61_49
10.0G_2_10,0_63_50
10.0G_2_12,0_65_50
10.0G_2_14,0_67_51
10.0G_2_16,0_68_52
10.0G_3_2,58_75_74
10.0G_3_4,32_80_72
10.0G_3_6,0_83_72
10.0G_3_8,0_86_71
10.0G_3_10,0_88_71
10.0G_3_12,0_90_71
10.0G_3_14,0_92_71
10.0G_3_16,0_94_72
10.0G_3_18,0_95_72
10.0G_3_20,0_96_73
10.0G_3_22,0_97_73
10.0G_4_2,81_100_99
10.0G_4_4,57_105_97
10.0G_4_6,10_109_96
10.0G_4_8,0_112_95
10.0G_4_10,0_115_94
10.0G_4_12,0_118_94
10.0G_4_14,0_120_94
10.0G_4_16,0_122_94
10.0G_4_18,0_124_94
10.0G_4_20,0_125_94
10.0G_4_22,0_126_95
10.0G_4_24,0_127_95
10.0G_4_26,0_128_95
10.0G_5_2,106_126_125
10.0G_5_4,84_131_123
10.0G_5_6,55_135_121
10.0G_5_8,0_139_119
10.0G_5_10,0_142_118
10.0G_5_12,0_146_117
10.0G_5_14,0_148_117
10.0G_5_16,0_150_117
10.0G_5_18,0_153_117
10.0G_5_20,0_154_116
10.0G_5_22,0_156_117
10.0G_5_24,0_157_117
10.0G_5_26,0_158_117
10.0G_5_28,0_159_117
10.0G_6_2,131_152_151
10.0G_6_4,107_157_148
10.0G_6_6,82_161_146
10.0G_6_8,38_165_145
10.0G_6_10,0_169_143
10.0G_6_12,0_173_142
10.0G_6_14,0_175_141
10.0G_6_16,0_178_140
10.0G_6_18,0_181_140
10.0G_6_20,0_183_139
10.0G_6_22,0_185_139
10.0G_6_24,0_187_139
10.0G_6_26,0_188_139
10.0G_7_2,156_178_178
10.0G_7_4,135_183_175
10.0G_7_6,110_188_172
10.0G_7_8,77_192_170
10.0G_7_10,0_196_168
10.0G_7_12,0_200_167
10.0G_7_14,0_203_166
10.0G_7_16,0_206_165
10.0G_7_18,0_209_164
10.0G_7_20,0_212_163
10.0G_7_22,0_214_162
10.0G_7_24,0_216_162
10.0G_8_2,182_205_205
10.0G_8_4,160_210_201
10.0G_8_6,134_215_199
10.0G_8_8,104_220_196
10.0G_8_10,56_224_194
10.0G_8_12,0_228_192
10.0G_8_14,0_231_191
10.0G_8_16,0_235_189
10.0G_8_18,0_238_188
10.0G_8_20,0_241_187
10.0G_9_2,208_232_232
10.0G_9_4,183_238_228
10.0G_9_6,154_244_225
10.0G_9_8,120_249_222
10.0G_9_10,77_253_220
10.0G_9_12,0_255_218
2.5BG_1_2,15_32_31
2.5BG_1_4,0_35_33
2.5BG_1_6,0_38_36
2.5BG_1_8,0_41_39
2.5BG_2_2,37_52_52
2.5BG_2_4,8_56_54
2.5BG_2_6,0_58_55
2.5BG_2_8,0_61_57
2.5BG_2_10,0_63_58
2.5BG_2_12,0_65_60
2.5BG_2_14,0_67_61
2.5BG_3_2,57_75_76
2.5BG_3_4,28_80_77
2.5BG_3_6,0_83_78
2.5BG_3_8,0_86_79
2.5BG_3_10,0_88_81
2.5BG_3_12,0_90_82
2.5BG_3_14,0_92_83
2.5BG_3_16,0_94_85
2.5BG_3_18,0_95_86
2.5BG_3_20,0_96_87
2.5BG_4_2,80_100_101
2.5BG_4_4,54_105_102
2.5BG_4_6,0_109_102
2.5BG_4_8,0_112_103
2.5BG_4_10,0_115_105
2.5BG_4_12,0_118_106
2.5BG_4_14,0_120_108
2.5BG_4_16,0_122_109
2.5BG_4_18,0_124_110
2.5BG_4_20,0_125_111
2.5BG_4_22,0_126_112
2.5BG_4_24,0_127_113
2.5BG_5_2,105_126_127
2.5BG_5_4,82_131_127
2.5BG_5_6,51_135_127
2.5BG_5_8,0_139_128
2.5BG_5_10,0_142_129
2.5BG_5_12,0_146_130
2.5BG_5_14,0_148_131
2.5BG_5_16,0_150_133
2.5BG_5_18,0_153_134
2.5BG_5_20,0_155_135
2.5BG_5_22,0_156_136
2.5BG_5_24,0_157_137
2.5BG_6_2,130_152_153
2.5BG_6_4,105_157_153
2.5BG_6_6,78_161_152
2.5BG_6_8,19_165_153
2.5BG_6_10,0_169_154
2.5BG_6_12,0_172_154
2.5BG_6_14,0_175_155
2.5BG_6_16,0_178_156
2.5BG_6_18,0_181_157
2.5BG_6_20,0_183_159
2.5BG_6_22,0_185_160
2.5BG_7_2,156_178_180
2.5BG_7_4,133_183_179
2.5BG_7_6,108_188_178
2.5BG_7_8,69_192_178
2.5BG_7_10,0_196_179
2.5BG_7_12,0_200_179
2.5BG_7_14,0_203_180
2.5BG_7_16,0_206_181
2.5BG_7_18,0_209_181
2.5BG_7_20,0_211_182
2.5BG_7_22,0_214_183
2.5BG_8_2,181_205_207
2.5BG_8_4,158_210_205
2.5BG_8_6,131_215_205
2.5BG_8_8,98_220_204
2.5BG_8_10,36_224_204
2.5BG_8_12,0_228_204
2.5BG_8_14,0_231_205
2.5BG_8_16,0_234_205
2.5BG_8_18,0_238_206
2.5BG_9_2,207_232_234
2.5BG_9_4,182_238_233
2.5BG_9_6,150_244_232
2.5BG_9_8,113_249_231
2.5BG_9_10,61_253_231
5.0BG_1_2,14_32_34
5.0BG_1_4,0_35_39
5.0BG_1_6,0_38_44
5.0BG_2_2,36_52_55
5.0BG_2_4,4_55_58
5.0BG_2_6,0_58_62
5.0BG_2_8,0_61_66
5.0BG_2_10,0_63_70
5.0BG_2_12,0_65_73
5.0BG_3_2,56_75_78
5.0BG_3_4,24_80_82
5.0BG_3_6,0_83_85
5.0BG_3_8,0_85_89
5.0BG_3_10,0_88_93
5.0BG_3_12,0_90_96
5.0BG_3_14,0_92_99
5.0BG_3_16,0_94_102
5.0BG_3_18,0_95_104
5.0BG_4_2,80_100_104
5.0BG_4_4,52_105_107
5.0BG_4_6,0_109_110
5.0BG_4_8,0_112_114
5.0BG_4_10,0_115_117
5.0BG_4_12,0_118_121
5.0BG_4_14,0_120_124
5.0BG_4_16,0_122_127
5.0BG_4_18,0_124_129
5.0BG_4_20,0_125_132
5.0BG_5_2,104_126_130
5.0BG_5_4,80_130_132
5.0BG_5_6,45_134_135
5.0BG_5_8,0_138_139
5.0BG_5_10,0_142_142
5.0BG_5_12,0_145_145
5.0BG_5_14,0_148_148
5.0BG_5_16,0_150_151
5.0BG_5_18,0_153_154
5.0BG_5_20,0_155_157
5.0BG_5_22,0_156_159
5.0BG_6_2,129_152_156
5.0BG_6_4,104_157_158
5.0BG_6_6,72_161_161
5.0BG_6_8,0_165_164
5.0BG_6_10,0_169_167
5.0BG_6_12,0_172_169
5.0BG_6_14,0_175_172
5.0BG_6_16,0_178_175
5.0BG_6_18,0_181_178
5.0BG_6_20,0_183_180
5.0BG_7_2,155_178_183
5.0BG_7_4,131_183_185
5.0BG_7_6,105_187_186
5.0BG_7_8,60_192_189
5.0BG_7_10,0_196_191
5.0BG_7_12,0_199_194
5.0BG_7_14,0_203_196
5.0BG_7_16,0_206_199
5.0BG_7_18,0_209_202
5.0BG_7_20,0_211_204
5.0BG_8_2,181_205_210
5.0BG_8_4,157_210_211
5.0BG_8_6,129_215_213
5.0BG_8_8,89_219_215
5.0BG_8_10,0_224_217
5.0BG_8_12,0_228_219
5.0BG_8_14,0_231_221
5.0BG_8_16,0_234_223
5.0BG_9_2,207_232_237
5.0BG_9_4,180_238_238
5.0BG_9_6,147_244_240
5.0BG_9_8,105_249_241
5.0BG_9_10,37_253_243
7.5BG_1_2,13_31_36
7.5BG_1_4,0_35_42
7.5BG_1_6,0_38_49
7.5BG_2_2,36_52_56
7.5BG_2_4,1_55_62
7.5BG_2_6,0_58_67
7.5BG_2_8,0_61_73
7.5BG_2_10,0_63_78
7.5BG_2_12,0_65_82
7.5BG_3_2,56_75_81
7.5BG_3_4,21_79_87
7.5BG_3_6,0_82_92
7.5BG_3_8,0_85_97
7.5BG_3_10,0_88_102
7.5BG_3_12,0_90_106
7.5BG_3_14,0_92_110
7.5BG_3_16,0_94_114
7.5BG_4_2,79_100_106
7.5BG_4_4,51_104_111
7.5BG_4_6,0_108_117
7.5BG_4_8,0_112_123
7.5BG_4_10,0_115_128
7.5BG_4_12,0_117_133
7.5BG_4_14,0_120_138
7.5BG_4_16,0_122_142
7.5BG_4_18,0_124_145
7.5BG_5_2,104_126_132
7.5BG_5_4,79_130_137
7.5BG_5_6,40_134_142
7.5BG_5_8,0_138_147
7.5BG_5_10,0_141_153
7.5BG_5_12,0_145_158
7.5BG_5_14,0_147_163
7.5BG_5_16,0_150_167
7.5BG_5_18,0_153_172
7.5BG_6_2,129_152_159
7.5BG_6_4,103_157_164
7.5BG_6_6,70_161_168
7.5BG_6_8,0_165_173
7.5BG_6_10,0_168_178
7.5BG_6_12,0_172_183
7.5BG_6_14,0_175_187
7.5BG_6_16,0_177_191
7.5BG_6_18,0_180_196
7.5BG_7_2,155_178_185
7.5BG_7_4,130_183_190
7.5BG_7_6,103_187_194
7.5BG_7_8,55_191_198
7.5BG_7_10,0_195_203
7.5BG_7_12,0_199_208
7.5BG_7_14,0_202_212
7.5BG_7_16,0_205_217
7.5BG_7_18,0_208_221
7.5BG_8_2,181_204_213
7.5BG_8_4,157_209_216
7.5BG_8_6,125_214_221
7.5BG_8_8,84_219_226
7.5BG_8_10,0_223_230
7.5BG_8_12,0_227_234
7.5BG_8_14,0_230_238
7.5BG_8_16,0_234_242
7.5BG_9_2,207_231_241
7.5BG_9_4,179_238_245
7.5BG_9_6,145_243_249
7.5BG_9_8,97_248_254
7.5BG_9_10,0_252_255
10.0BG_1_2,12_31_38
10.0BG_1_4,0_34_46
10.0BG_1_6,0_37_55
10.0BG_2_2,35_52_58
10.0BG_2_4,0_55_66
10.0BG_2_6,0_57_74
10.0BG_2_8,0_60_82
10.0BG_2_10,0_63_89
10.0BG_3_2,55_75_83
10.0BG_3_4,21_79_91
10.0BG_3_6,0_82_99
10.0BG_3_8,0_84_106
10.0BG_3_10,0_87_114
10.0BG_3_12,0_90_120
10.0BG_3_14,0_92_127
10.0BG_4_2,79_100_108
10.0BG_4_4,51_104_116
10.0BG_4_6,0_107_124
10.0BG_4_8,0_111_132
10.0BG_4_10,0_114_140
10.0BG_4_12,0_117_147
10.0BG_4_14,0_119_154
10.0BG_4_16,0_121_159
10.0BG_5_2,105_125_134
10.0BG_5_4,80_129_142
10.0BG_5_6,39_133_150
10.0BG_5_8,0_137_157
10.0BG_5_10,0_140_165
10.0BG_5_12,0_144_173
10.0BG_5_14,0_146_179
10.0BG_5_16,0_149_186
10.0BG_6_2,130_151_161
10.0BG_6_4,105_156_168
10.0BG_6_6,70_160_176
10.0BG_6_8,0_164_183
10.0BG_6_10,0_167_190
10.0BG_6_12,0_170_197
10.0BG_6_14,0_173_204
10.0BG_6_16,0_176_211
10.0BG_6_18,0_179_218
10.0BG_7_2,156_177_188
10.0BG_7_4,131_182_195
10.0BG_7_6,103_186_201
10.0BG_7_8,52_190_209
10.0BG_7_10,0_194_216
10.0BG_7_12,0_198_223
10.0BG_7_14,0_201_230
10.0BG_7_16,0_205_238
10.0BG_8_2,183_204_215
10.0BG_8_4,157_209_222
10.0BG_8_6,125_214_228
10.0BG_8_8,82_218_235
10.0BG_8_10,0_222_242
10.0BG_8_12,0_226_249
10.0BG_8_14,0_230_255
10.0BG_9_2,209_231_243
10.0BG_9_4,180_237_250
10.0BG_9_6,144_242_255
2.5B_1_2,12_31_39
2.5B_1_4,0_34_49
2.5B_1_6,0_36_59
2.5B_2_2,35_52_60
2.5B_2_4,0_54_69
2.5B_2_6,0_57_79
2.5B_2_8,0_60_89
2.5B_2_10,0_62_99
2.5B_3_2,55_75_85
2.5B_3_4,22_78_95
2.5B_3_6,0_81_105
2.5B_3_8,0_84_114
2.5B_3_10,0_86_124
2.5B_3_12,0_89_133
2.5B_4_2,80_99_110
2.5B_4_4,53_103_120
2.5B_4_6,0_106_130
2.5B_4_8,0_109_140
2.5B_4_10,0_112_151
2.5B_4_12,0_115_159
2.5B_4_14,0_118_169
2.5B_4_16,0_120_175
2.5B_5_2,106_125_136
2.5B_5_4,82_129_146
2.5B_5_6,43_132_155
2.5B_5_8,0_135_165
2.5B_5_10,0_139_175
2.5B_5_12,0_142_186
2.5B_5_14,0_145_194
2.5B_5_16,0_148_204
2.5B_6_2,131_151_163
2.5B_6_4,107_155_172
2.5B_6_6,73_159_182
2.5B_6_8,0_162_192
2.5B_6_10,0_165_201
2.5B_6_12,0_169_211
2.5B_6_14,0_172_220
2.5B_6_16,0_175_230
2.5B_7_2,158_177_190
2.5B_7_4,133_181_199
2.5B_7_6,105_185_208
2.5B_7_8,58_189_217
2.5B_7_10,0_193_227
2.5B_7_12,0_196_238
2.5B_7_14,0_199_247
2.5B_7_16,0_203_255
2.5B_8_2,185_203_217
2.5B_8_4,158_208_226
2.5B_8_6,127_213_235
2.5B_8_8,84_217_245
2.5B_8_10,0_221_255
2.5B_8_12,0_225_255
2.5B_9_2,211_230_245
2.5B_9_4,181_236_255
5.0B_1_2,12_31_41
5.0B_1_4,0_33_52
5.0B_1_6,0_35_63
5.0B_2_2,36_51_61
5.0B_2_4,3_54_72
5.0B_2_6,0_56_84
5.0B_2_8,0_58_97
5.0B_2_10,0_60_108
5.0B_3_2,56_74_87
5.0B_3_4,26_77_99
5.0B_3_6,0_80_110
5.0B_3_8,0_82_122
5.0B_3_10,0_84_134
5.0B_3_12,0_86_145
5.0B_4_2,81_99_112
5.0B_4_4,57_102_123
5.0B_4_6,7_105_135
5.0B_4_8,0_107_148
5.0B_4_10,0_110_159
5.0B_4_12,0_112_171
5.0B_4_14,0_115_183
5.0B_5_2,107_124_138
5.0B_5_4,85_128_149
5.0B_5_6,53_131_161
5.0B_5_8,0_133_173
5.0B_5_10,0_136_185
5.0B_5_12,0_139_198
5.0B_5_14,0_141_210
5.0B_5_16,0_144_223
5.0B_6_2,134_150_164
5.0B_6_4,112_154_175
5.0B_6_6,82_157_188
5.0B_6_8,25_160_200
5.0B_6_10,0_163_212
5.0B_6_12,0_165_224
5.0B_6_14,0_168_237
5.0B_6_16,0_172_250
5.0B_7_2,160_176_191
5.0B_7_4,138_180_203
5.0B_7_6,111_183_214
5.0B_7_8,72_187_226
5.0B_7_10,0_190_240
5.0B_7_12,0_193_254
5.0B_7_14,0_196_255
5.0B_8_2,188_202_218
5.0B_8_4,163_207_230
5.0B_8_6,135_210_243
5.0B_8_8,92_214_255
5.0B_9_2,214_229_247
5.0B_9_4,185_235_255
7.5B_1_2,14_30_42
7.5B_1_4,0_32_54
7.5B_1_6,0_33_65
7.5B_1_8,0_35_77
7.5B_2_2,37_51_63
7.5B_2_4,10_53_75
7.5B_2_6,0_55_88
7.5B_2_8,0_56_101
7.5B_2_10,0_58_114
7.5B_3_2,57_74_88
7.5B_3_4,34_76_102
7.5B_3_6,0_78_114
7.5B_3_8,0_80_126
7.5B_3_10,0_82_139
7.5B_3_12,0_84_152
7.5B_4_2,83_98_113
7.5B_4_4,63_101_126
7.5B_4_6,33_103_138
7.5B_4_8,0_105_152
7.5B_4_10,0_107_164
7.5B_4_12,0_109_177
7.5B_4_14,0_111_190
7.5B_5_2,109_124_139
7.5B_5_4,90_126_152
7.5B_5_6,65_129_164
7.5B_5_8,3_131_177
7.5B_5_10,0_133_191
7.5B_5_12,0_135_205
7.5B_5_14,0_138_218
7.5B_5_16,0_140_233
7.5B_6_2,136_149_165
7.5B_6_4,118_152_178
7.5B_6_6,93_155_191
7.5B_6_8,57_157_205
7.5B_6_10,0_160_218
7.5B_6_12,0_162_232
7.5B_6_14,0_165_247
7.5B_6_16,0_167_255
7.5B_7_2,163_175_192
7.5B_7_4,143_179_205
7.5B_7_6,120_181_218
7.5B_7_8,88_184_232
7.5B_7_10,0_187_247
7.5B_7_12,0_190_255
7.5B_8_2,190_201_219
7.5B_8_4,168_205_233
7.5B_8_6,143_209_247
7.5B_8_8,106_212_255
7.5B_9_2,217_228_247
7.5B_9_4,191_233_255
10.0B_1_2,16_30_44
10.0B_1_4,0_31_55
10.0B_1_6,0_32_66
10.0B_1_8,0_33_79
10.0B_2_2,39_50_64
10.0B_2_4,19_52_77
10.0B_2_6,0_53_90
10.0B_2_8,0_55_104
10.0B_2_10,0_56_117
10.0B_3_2,60_73_90
10.0B_3_4,41_75_103
10.0B_3_6,0_76_116
10.0B_3_8,0_78_129
10.0B_3_10,0_79_142
10.0B_3_12,0_81_156
10.0B_3_14,0_82_169
10.0B_4_2,86_97_114
10.0B_4_4,69_99_127
10.0B_4_6,47_101_140
10.0B_4_8,0_103_154
10.0B_4_10,0_104_167
10.0B_4_12,0_106_180
10.0B_4_14,0_108_194
10.0B_4_16,0_109_208
10.0B_5_2,112_123_140
10.0B_5_4,97_125_153
10.0B_5_6,77_127_167
10.0B_5_8,45_129_180
10.0B_5_10,0_130_194
10.0B_5_12,0_132_208
10.0B_5_14,0_134_222
10.0B_5_16,0_136_238
10.0B_5_18,0_138_251
10.0B_6_2,139_148_166
10.0B_6_4,124_151_179
10.0B_6_6,104_153_194
10.0B_6_8,78_155_208
10.0B_6_10,31_157_221
10.0B_6_12,0_159_237
10.0B_6_14,0_161_253
10.0B_6_16,0_163_255
10.0B_7_2,166_174_193
10.0B_7_4,149_177_206
10.0B_7_6,130_179_220
10.0B_7_8,106_181_235
10.0B_7_10,67_183_252
10.0B_7_12,0_186_255
10.0B_8_2,193_200_220
10.0B_8_4,175_203_235
10.0B_8_6,154_206_250
10.0B_8_8,124_209_255
10.0B_9_2,220_227_248
10.0B_9_4,197_231_255
2.5PB_1_2,19_29_44
2.5PB_1_4,3_30_56
2.5PB_1_6,0_30_68
2.5PB_1_8,0_30_80
2.5PB_2_2,41_50_65
2.5PB_2_4,28_50_78
2.5PB_2_6,0_51_92
2.5PB_2_8,0_52_106
2.5PB_2_10,0_52_119
2.5PB_2_12,0_52_132
2.5PB_3_2,63_72_91
2.5PB_3_4,50_73_105
2.5PB_3_6,29_74_118
2.5PB_3_8,0_75_131
2.5PB_3_10,0_75_144
2.5PB_3_12,0_76_158
2.5PB_3_14,0_77_172
2.5PB_4_2,89_97_115
2.5PB_4_4,77_98_129
2.5PB_4_6,62_99_142
2.5PB_4_8,35_100_156
2.5PB_4_10,0_100_169
2.5PB_4_12,0_101_183
2.5PB_4_14,0_102_197
2.5PB_4_16,0_103_212
2.5PB_4_18,0_103_226
2.5PB_5_2,115_122_141
2.5PB_5_4,103_123_154
2.5PB_5_6,89_124_169
2.5PB_5_8,70_125_183
2.5PB_5_10,39_126_197
2.5PB_5_12,0_127_211
2.5PB_5_14,0_128_225
2.5PB_5_16,0_129_241
2.5PB_5_18,0_130_255
2.5PB_6_2,142_147_167
2.5PB_6_4,131_149_180
2.5PB_6_6,116_150_195
2.5PB_6_8,99_151_210
2.5PB_6_10,76_152_225
2.5PB_6_12,21_154_241
2.5PB_6_14,0_155_255
2.5PB_7_2,169_173_193
2.5PB_7_4,157_175_208
2.5PB_7_6,142_176_222
2.5PB_7_8,125_178_238
2.5PB_7_10,100_179_255
2.5PB_8_2,196_199_220
2.5PB_8_4,182_201_236
2.5PB_8_6,166_203_253
2.5PB_9_2,224_226_248
5.0PB_1_2,23_28_45
5.0PB_1_4,13_28_56
5.0PB_1_6,0_28_68
5.0PB_1_8,0_27_81
5.0PB_1_10,0_25_94
5.0PB_2_2,44_49_66
5.0PB_2_4,35_49_79
5.0PB_2_6,20_49_92
5.0PB_2_8,0_49_106
5.0PB_2_10,0_48_119
5.0PB_2_12,0_47_132
5.0PB_2_14,0_45_146
5.0PB_3_2,66_71_91
5.0PB_3_4,57_72_105
5.0PB_3_6,45_72_119
5.0PB_3_8,26_72_132
5.0PB_3_10,0_72_145
5.0PB_3_12,0_71_159
5.0PB_3_14,0_71_173
5.0PB_3_16,0_70_187
5.0PB_3_18,0_69_202
5.0PB_4_2,92_96_116
5.0PB_4_4,84_96_129
5.0PB_4_6,74_96_143
5.0PB_4_8,59_97_157
5.0PB_4_10,38_97_170
5.0PB_4_12,0_97_183
5.0PB_4_14,0_97_198
5.0PB_4_16,0_96_212
5.0PB_4_18,0_96_228
5.0PB_4_20,0_95_245
5.0PB_5_2,119_121_141
5.0PB_5_4,111_121_155
5.0PB_5_6,101_122_169
5.0PB_5_8,88_122_183
5.0PB_5_10,72_122_198
5.0PB_5_12,46_123_212
5.0PB_5_14,0_123_226
5.0PB_5_16,0_123_243
5.0PB_5_18,0_123_255
5.0PB_6_2,145_147_167
5.0PB_6_4,137_147_181
5.0PB_6_6,127_148_196
5.0PB_6_8,115_148_211
5.0PB_6_10,101_148_225
5.0PB_6_12,78_149_242
5.0PB_6_14,39_149_255
5.0PB_7_2,172_172_193
5.0PB_7_4,163_173_208
5.0PB_7_6,152_174_223
5.0PB_7_8,141_174_239
5.0PB_7_10,124_175_255
5.0PB_8_2,198_199_220
5.0PB_8_4,189_200_236
5.0PB_8_6,177_200_254
5.0PB_9_2,226_225_248
7.5PB_1_2,27_27_45
7.5PB_1_4,25_25_56
7.5PB_1_6,23_23_68
7.5PB_1_8,24_19_78
7.5PB_1_10,25_14_87
7.5PB_1_12,28_6_95
7.5PB_1_14,31_0_104
7.5PB_1_16,36_0_113
7.5PB_1_18,39_0_120
7.5PB_1_20,43_0_128
7.5PB_1_22,47_0_136
7.5PB_1_24,51_0_145
7.5PB_1_26,56_0_155
7.5PB_1_28,61_0_165
7.5PB_1_30,66_0_176
7.5PB_1_32,72_0_189
7.5PB_1_34,77_0_199
7.5PB_1_36,82_0_210
7.5PB_1_38,88_0_223
7.5PB_2_2,48_48_66
7.5PB_2_4,45_46_79
7.5PB_2_6,42_45_91
7.5PB_2_8,39_42_104
7.5PB_2_10,37_39_116
7.5PB_2_12,37_35_126
7.5PB_2_14,39_30_136
7.5PB_2_16,41_22_145
7.5PB_2_18,44_8_155
7.5PB_2_20,48_0_164
7.5PB_2_22,51_0_174
7.5PB_2_24,55_0_182
7.5PB_2_26,59_0_190
7.5PB_2_28,62_0_198
7.5PB_2_30,66_0_208
7.5PB_2_32,70_0_217
7.5PB_2_34,74_0_227
7.5PB_2_36,79_0_237
7.5PB_2_38,83_0_248
7.5PB_3_2,71_70_92
7.5PB_3_4,67_69_105
7.5PB_3_6,64_68_119
7.5PB_3_8,60_66_131
7.5PB_3_10,55_64_144
7.5PB_3_12,52_61_156
7.5PB_3_14,51_57_168
7.5PB_3_16,51_52_180
7.5PB_3_18,52_47_191
7.5PB_3_20,53_40_200
7.5PB_3_22,56_30_211
7.5PB_3_24,59_13_221
7.5PB_3_26,61_0_230
7.5PB_3_28,64_0_239
7.5PB_3_30,68_0_250
7.5PB_3_32,72_0_255
7.5PB_3_34,75_0_255
7.5PB_4_2,96_94_116
7.5PB_4_4,93_94_129
7.5PB_4_6,89_93_142
7.5PB_4_8,84_91_156
7.5PB_4_10,79_90_169
7.5PB_4_12,74_88_182
7.5PB_4_14,70_86_195
7.5PB_4_16,66_82_208
7.5PB_4_18,64_79_221
7.5PB_4_20,62_73_235
7.5PB_4_22,62_68_245
7.5PB_4_24,63_62_255
7.5PB_4_26,64_54_255
7.5PB_5_2,122_120_141
7.5PB_5_4,118_119_154
7.5PB_5_6,114_118_169
7.5PB_5_8,110_117_183
7.5PB_5_10,105_116_196
7.5PB_5_12,99_114_210
7.5PB_5_14,93_113_225
7.5PB_5_16,86_110_239
7.5PB_5_18,80_107_254
7.5PB_5_20,74_104_255
7.5PB_6_2,148_146_167
7.5PB_6_4,144_145_181
7.5PB_6_6,140_144_196
7.5PB_6_8,136_143_209
7.5PB_6_10,131_142_223
7.5PB_6_12,124_141_240
7.5PB_6_14,116_139_255
7.5PB_7_2,175_171_193
7.5PB_7_4,171_171_208
7.5PB_7_6,166_170_223
7.5PB_7_8,160_169_240
7.5PB_7_10,155_168_255
7.5PB_8_2,202_198_220
7.5PB_8_4,197_197_236
7.5PB_8_6,191_197_254
7.5PB_9_2,229_225_248
10.0PB_1_2,32_26_45
10.0PB_1_4,33_23_55
10.0PB_1_6,35_19_65
10.0PB_1_8,38_14_73
10.0PB_1_10,41_7_81
10.0PB_1_12,44_0_90
10.0PB_1_14,48_0_98
10.0PB_1_16,53_0_106
10.0PB_1_18,56_0_113
10.0PB_1_20,61_0_121
10.0PB_1_22,65_0_129
10.0PB_1_24,70_0_138
10.0PB_1_26,75_0_149
10.0PB_1_28,82_0_160
10.0PB_1_30,88_0_172
10.0PB_2_2,52_46_66
10.0PB_2_4,53_44_77
10.0PB_2_6,54_41_88
10.0PB_2_8,56_38_99
10.0PB_2_10,59_33_110
10.0PB_2_12,62_27_118
10.0PB_2_14,65_17_128
10.0PB_2_16,69_2_137
10.0PB_2_18,73_0_146
10.0PB_2_20,77_0_155
10.0PB_2_22,82_0_164
10.0PB_2_24,86_0_173
10.0PB_2_26,91_0_182
10.0PB_2_28,95_0_191
10.0PB_2_30,101_0_202
10.0PB_2_32,107_0_212
10.0PB_2_34,112_0_222
10.0PB_3_2,75_69_91
10.0PB_3_4,75_67_104
10.0PB_3_6,76_64_116
10.0PB_3_8,78_61_127
10.0PB_3_10,79_57_139
10.0PB_3_12,81_53_149
10.0PB_3_14,84_47_160
10.0PB_3_16,88_39_171
10.0PB_3_18,91_30_180
10.0PB_3_20,95_16_189
10.0PB_3_22,99_0_199
10.0PB_3_24,103_0_208
10.0PB_3_26,107_0_218
10.0PB_3_28,112_0_227
10.0PB_3_30,117_0_237
10.0PB_3_32,123_0_248
10.0PB_3_34,127_0_255
10.0PB_4_2,99_93_116
10.0PB_4_4,100_91_128
10.0PB_4_6,100_89_141
10.0PB_4_8,101_87_153
10.0PB_4_10,101_84_165
10.0PB_4_12,102_80_177
10.0PB_4_14,104_77_188
10.0PB_4_16,107_72_199
10.0PB_4_18,109_66_210
10.0PB_4_20,113_58_222
10.0PB_4_22,116_51_230
10.0PB_4_24,119_41_240
10.0PB_4_26,124_22_251
10.0PB_4_28,127_0_255
10.0PB_4_30,131_0_255
10.0PB_5_2,125_119_140
10.0PB_5_4,125_117_153
10.0PB_5_6,125_115_168
10.0PB_5_8,125_113_180
10.0PB_5_10,126_110_192
10.0PB_5_12,126_107_205
10.0PB_5_14,127_104_218
10.0PB_5_16,128_100_230
10.0PB_5_18,129_96_241
10.0PB_5_20,131_91_253
10.0PB_5_22,135_84_255
10.0PB_6_2,151_145_166
10.0PB_6_4,151_143_180
10.0PB_6_6,150_141_194
10.0PB_6_8,150_139_207
10.0PB_6_10,150_137_220
10.0PB_6_12,150_134_234
10.0PB_6_14,150_131_249
10.0PB_6_16,151_127_255
10.0PB_7_2,177_171_193
10.0PB_7_4,176_169_207
10.0PB_7_6,176_167_221
10.0PB_7_8,176_165_236
10.0PB_7_10,175_163_252
10.0PB_7_12,175_159_255
10.0PB_8_2,204_197_219
10.0PB_8_4,203_196_234
10.0PB_8_6,202_194_251
10.0PB_8_8,202_191_255
10.0PB_9_2,232_224_247
10.0PB_9_4,230_222_255
2.5P_1_2,35_25_44
2.5P_1_4,38_21_53
2.5P_1_6,42_16_61
2.5P_1_8,46_9_69
2.5P_1_10,50_0_76
2.5P_1_12,55_0_84
2.5P_1_14,59_0_92
2.5P_1_16,64_0_99
2.5P_1_18,68_0_106
2.5P_1_20,73_0_114
2.5P_1_22,78_0_122
2.5P_1_24,83_0_129
2.5P_1_26,90_0_140
2.5P_2_2,55_46_65
2.5P_2_4,58_43_75
2.5P_2_6,62_39_84
2.5P_2_8,67_34_94
2.5P_2_10,71_27_103
2.5P_2_12,76_17_112
2.5P_2_14,80_1_120
2.5P_2_16,85_0_129
2.5P_2_18,90_0_137
2.5P_2_20,95_0_146
2.5P_2_22,100_0_155
2.5P_2_24,106_0_164
2.5P_2_26,111_0_173
2.5P_2_28,118_0_184
2.5P_2_30,126_0_196
2.5P_3_2,78_68_90
2.5P_3_4,82_65_102
2.5P_3_6,85_61_113
2.5P_3_8,89_57_123
2.5P_3_10,94_51_133
2.5P_3_12,98_45_142
2.5P_3_14,103_37_152
2.5P_3_16,108_25_161
2.5P_3_18,113_4_170
2.5P_3_20,117_0_178
2.5P_3_22,123_0_188
2.5P_3_24,128_0_197
2.5P_3_26,133_0_206
2.5P_3_28,138_0_215
2.5P_3_30,144_0_225
2.5P_3_32,150_0_235
2.5P_3_34,156_0_244
2.5P_4_2,102_93_115
2.5P_4_4,106_90_127
2.5P_4_6,109_87_137
2.5P_4_8,112_83_148
2.5P_4_10,116_79_158
2.5P_4_12,121_74_169
2.5P_4_14,125_69_179
2.5P_4_16,130_62_189
2.5P_4_18,135_53_199
2.5P_4_20,140_42_209
2.5P_4_22,144_29_217
2.5P_4_24,149_0_226
2.5P_4_26,154_0_237
2.5P_4_28,159_0_246
2.5P_4_30,164_0_255
2.5P_4_32,171_0_255
2.5P_5_2,128_118_139
2.5P_5_4,130_116_152
2.5P_5_6,133_113_164
2.5P_5_8,137_109_176
2.5P_5_10,141_106_186
2.5P_5_12,145_101_198
2.5P_5_14,149_97_208
2.5P_5_16,153_91_218
2.5P_5_18,158_86_228
2.5P_5_20,162_78_239
2.5P_5_22,167_69_250
2.5P_5_24,172_58_255
2.5P_5_26,178_42_255
2.5P_6_2,153_144_166
2.5P_6_4,156_142_178
2.5P_6_6,159_139_191
2.5P_6_8,162_136_203
2.5P_6_10,166_132_215
2.5P_6_12,170_128_227
2.5P_6_14,174_124_238
2.5P_6_16,179_118_251
2.5P_6_18,183_113_255
2.5P_7_2,180_170_192
2.5P_7_4,182_168_205
2.5P_7_6,185_165_218
2.5P_7_8,188_162_231
2.5P_7_10,192_158_245
2.5P_7_12,196_154_255
2.5P_8_2,206_196_218
2.5P_8_4,209_194_233
2.5P_8_6,211_191_248
2.5P_8_8,214_188_255
2.5P_9_2,234_223_247
2.5P_9_4,236_221_255
5.0P_1_2,37_24_43
5.0P_1_4,42_20_51
5.0P_1_6,47_14_58
5.0P_1_8,51_5_65
5.0P_1_10,56_0_72
5.0P_1_12,61_0_79
5.0P_1_14,67_0_87
5.0P_1_16,72_0_94
5.0P_1_18,77_0_100
5.0P_1_20,82_0_107
5.0P_1_22,88_0_115
5.0P_2_2,57_45_64
5.0P_2_4,62_41_73
5.0P_2_6,67_37_80
5.0P_2_8,73_30_90
5.0P_2_10,78_22_98
5.0P_2_12,84_8_106
5.0P_2_14,90_0_115
5.0P_2_16,95_0_122
5.0P_2_18,100_0_130
5.0P_2_20,106_0_138
5.0P_2_22,112_0_146
5.0P_2_24,118_0_155
5.0P_2_26,126_0_165
5.0P_2_28,133_0_175
5.0P_3_2,81_67_89
5.0P_3_4,87_63_99
5.0P_3_6,92_59_108
5.0P_3_8,97_54_118
5.0P_3_10,103_47_127
5.0P_3_12,109_39_136
5.0P_3_14,115_28_145
5.0P_3_16,120_7_153
5.0P_3_18,126_0_161
5.0P_3_20,131_0_168
5.0P_3_22,137_0_177
5.0P_3_24,143_0_186
5.0P_3_26,149_0_195
5.0P_3_28,156_0_204
5.0P_3_30,162_0_213
5.0P_3_32,170_0_223
5.0P_4_2,105_92_113
5.0P_4_4,110_88_124
5.0P_4_6,115_85_133
5.0P_4_8,121_81_143
5.0P_4_10,126_75_152
5.0P_4_12,132_70_162
5.0P_4_14,138_63_171
5.0P_4_16,144_53_181
5.0P_4_18,150_42_189
5.0P_4_20,156_25_198
5.0P_4_22,161_0_206
5.0P_4_24,167_0_214
5.0P_4_26,173_0_223
5.0P_4_28,179_0_233
5.0P_4_30,185_0_242
5.0P_4_32,193_0_253
5.0P_5_2,130_118_138
5.0P_5_4,135_114_149
5.0P_5_6,141_111_160
5.0P_5_8,146_106_170
5.0P_5_10,152_102_180
5.0P_5_12,157_97_190
5.0P_5_14,163_91_199
5.0P_5_16,168_85_209
5.0P_5_18,174_77_218
5.0P_5_20,180_68_228
5.0P_5_22,186_56_237
5.0P_5_24,193_38_247
5.0P_5_26,199_0_255
5.0P_5_28,206_0_255
5.0P_6_2,156_143_165
5.0P_6_4,161_140_175
5.0P_6_6,166_137_187
5.0P_6_8,171_133_197
5.0P_6_10,177_129_208
5.0P_6_12,183_124_218
5.0P_6_14,189_118_229
5.0P_6_16,195_112_240
5.0P_6_18,200_106_250
5.0P_6_20,207_97_255
5.0P_7_2,182_170_191
5.0P_7_4,187_166_203
5.0P_7_6,192_163_214
5.0P_7_8,197_159_226
5.0P_7_10,203_155_238
5.0P_7_12,209_150_250
5.0P_7_14,215_145_255
5.0P_8_2,208_196_217
5.0P_8_4,213_193_230
5.0P_8_6,218_189_243
5.0P_8_8,225_185_255
5.0P_8_10,231_180_255
5.0P_9_2,235_223_245
5.0P_9_4,241_219_255
7.5P_1_2,39_23_42
7.5P_1_4,44_19_49
7.5P_1_6,49_12_56
7.5P_1_8,55_3_62
7.5P_1_10,60_0_69
7.5P_1_12,65_0_76
7.5P_1_14,71_0_83
7.5P_1_16,77_0_90
7.5P_1_18,81_0_95
7.5P_1_20,87_0_102
7.5P_2_2,59_44_62
7.5P_2_4,65_40_70
7.5P_2_6,71_35_77
7.5P_2_8,78_28_86
7.5P_2_10,84_17_93
7.5P_2_12,90_0_101
7.5P_2_14,96_0_108
7.5P_2_16,102_0_116
7.5P_2_18,108_0_123
7.5P_2_20,114_0_130
7.5P_2_22,121_0_139
7.5P_2_24,128_0_146
7.5P_3_2,84_66_87
7.5P_3_4,91_62_96
7.5P_3_6,98_57_104
7.5P_3_8,105_50_113
7.5P_3_10,111_43_121
7.5P_3_12,118_32_129
7.5P_3_14,125_14_137
7.5P_3_16,131_0_144
7.5P_3_18,137_0_152
7.5P_3_20,143_0_158
7.5P_3_22,149_0_166
7.5P_3_24,156_0_174
7.5P_3_26,163_0_182
7.5P_3_28,171_0_191
7.5P_3_30,178_0_199
7.5P_4_2,108_91_111
7.5P_4_4,115_87_120
7.5P_4_6,122_82_128
7.5P_4_8,129_77_137
7.5P_4_10,136_71_145
7.5P_4_12,143_64_153
7.5P_4_14,150_55_161
7.5P_4_16,157_43_169
7.5P_4_18,164_25_178
7.5P_4_20,171_0_186
7.5P_4_22,177_0_193
7.5P_4_24,183_0_200
7.5P_4_26,191_0_209
7.5P_4_28,197_0_217
7.5P_4_30,205_0_226
7.5P_4_32,213_0_236
7.5P_5_2,133_117_136
7.5P_5_4,141_113_145
7.5P_5_6,148_108_154
7.5P_5_8,156_103_163
7.5P_5_10,163_98_171
7.5P_5_12,170_91_180
7.5P_5_14,178_84_188
7.5P_5_16,185_76_196
7.5P_5_18,192_66_204
7.5P_5_20,199_53_213
7.5P_5_22,207_30_222
7.5P_5_24,213_0_229
7.5P_5_26,220_0_238
7.5P_5_28,228_0_246
7.5P_5_30,236_0_255
7.5P_6_2,159_143_162
7.5P_6_4,167_139_171
7.5P_6_6,175_134_180
7.5P_6_8,183_129_189
7.5P_6_10,191_124_198
7.5P_6_12,198_118_206
7.5P_6_14,206_112_215
7.5P_6_16,213_104_224
7.5P_6_18,221_96_232
7.5P_6_20,230_83_243
7.5P_6_22,238_69_252
7.5P_6_24,246_50_255
7.5P_7_2,185_169_188
7.5P_7_4,193_165_197
7.5P_7_6,202_160_206
7.5P_7_8,210_155_216
7.5P_7_10,219_150_225
7.5P_7_12,227_144_234
7.5P_7_14,235_137_244
7.5P_7_16,244_130_253
7.5P_7_18,252_121_255
7.5P_8_2,211_195_215
7.5P_8_4,221_191_225
7.5P_8_6,229_187_234
7.5P_8_8,240_181_245
7.5P_8_10,249_175_255
7.5P_8_12,255_169_255
7.5P_9_2,238_222_243
7.5P_9_4,250_217_254
7.5P_9_6,255_212_255
10.0P_1_2,40_23_41
10.0P_1_4,46_18_47
10.0P_1_6,52_10_54
10.0P_1_8,57_0_60
10.0P_1_10,63_0_66
10.0P_1_12,68_0_72
10.0P_1_14,75_0_79
10.0P_1_16,80_0_85
10.0P_1_18,85_0_91
10.0P_2_2,61_44_61
10.0P_2_4,68_39_67
10.0P_2_6,75_34_74
10.0P_2_8,82_25_81
10.0P_2_10,89_12_88
10.0P_2_12,96_0_95
10.0P_2_14,103_0_102
10.0P_2_16,109_0_109
10.0P_2_18,116_0_116
10.0P_2_20,122_0_122
10.0P_2_22,129_0_130
10.0P_3_2,86_66_85
10.0P_3_4,95_61_92
10.0P_3_6,102_55_99
10.0P_3_8,111_47_107
10.0P_3_10,118_38_114
10.0P_3_12,126_23_121
10.0P_3_14,133_0_128
10.0P_3_16,140_0_134
10.0P_3_18,147_0_142
10.0P_3_20,154_0_148
10.0P_3_22,161_0_154
10.0P_3_24,168_0_162
10.0P_3_26,175_0_168
10.0P_4_2,110_91_109
10.0P_4_4,119_86_116
10.0P_4_6,128_80_123
10.0P_4_8,136_74_130
10.0P_4_10,144_68_136
10.0P_4_12,152_59_143
10.0P_4_14,160_48_150
10.0P_4_16,167_34_156
10.0P_4_18,176_0_164
10.0P_4_20,185_0_172
10.0P_4_22,191_0_178
10.0P_4_24,198_0_184
10.0P_4_26,206_0_192
10.0P_4_28,213_0_198
10.0P_4_30,223_0_208
10.0P_5_2,134_117_134
10.0P_5_4,144_112_141
10.0P_5_6,154_106_148
10.0P_5_8,164_100_155
10.0P_5_10,172_94_162
10.0P_5_12,181_87_169
10.0P_5_14,189_78_176
10.0P_5_16,197_68_182
10.0P_5_18,205_55_189
10.0P_5_20,214_34_196
10.0P_5_22,221_0_203
10.0P_5_24,229_0_210
10.0P_5_26,238_0_217
10.0P_5_28,246_0_224
10.0P_5_30,254_0_232
10.0P_6_2,161_142_160
10.0P_6_4,170_138_167
10.0P_6_6,181_132_174
10.0P_6_8,190_127_181
10.0P_6_10,200_121_188
10.0P_6_12,208_114_195
10.0P_6_14,218_106_202
10.0P_6_16,227_97_209
10.0P_6_18,235_88_216
10.0P_6_20,244_73_224
10.0P_6_22,253_55_232
10.0P_6_24,255_24_239
10.0P_6_26,255_0_247
10.0P_7_2,187_168_187
10.0P_7_4,197_164_193
10.0P_7_6,208_159_200
10.0P_7_8,219_153_208
10.0P_7_10,229_147_215
10.0P_7_12,238_140_222
10.0P_7_14,247_133_230
10.0P_7_16,255_123_238
10.0P_7_18,255_113_246
10.0P_7_20,255_101_253
10.0P_7_22,255_85_255
10.0P_8_2,212_195_213
10.0P_8_4,224_190_220
10.0P_8_6,236_185_228
10.0P_8_8,248_178_236
10.0P_8_10,255_172_244
10.0P_8_12,255_165_252
10.0P_8_14,255_156_255
10.0P_9_2,240_222_241
10.0P_9_4,254_216_249
10.0P_9_6,255_210_255
2.5RP_1_2,41_22_39
2.5RP_1_4,48_17_45
2.5RP_1_6,54_9_51
2.5RP_1_8,60_0_57
2.5RP_1_10,66_0_62
2.5RP_1_12,72_0_68
2.5RP_1_14,78_0_74
2.5RP_1_16,84_0_80
2.5RP_2_2,63_43_58
2.5RP_2_4,71_38_63
2.5RP_2_6,78_32_68
2.5RP_2_8,87_22_74
2.5RP_2_10,95_4_80
2.5RP_2_12,102_0_86
2.5RP_2_14,110_0_92
2.5RP_2_16,118_0_98
2.5RP_2_18,125_0_104
2.5RP_2_20,132_0_109
2.5RP_3_2,88_65_82
2.5RP_3_4,98_59_87
2.5RP_3_6,108_53_92
2.5RP_3_8,117_44_97
2.5RP_3_10,126_32_103
2.5RP_3_12,134_12_108
2.5RP_3_14,143_0_113
2.5RP_3_16,151_0_119
2.5RP_3_18,159_0_124
2.5RP_3_20,166_0_129
2.5RP_3_22,175_0_135
2.5RP_4_2,112_90_106
2.5RP_4_4,123_85_111
2.5RP_4_6,133_79_116
2.5RP_4_8,143_72_121
2.5RP_4_10,152_64_126
2.5RP_4_12,161_54_131
2.5RP_4_14,169_40_136
2.5RP_4_16,178_18_141
2.5RP_4_18,187_0_147
2.5RP_4_20,197_0_153
2.5RP_4_22,204_0_157
2.5RP_4_24,212_0_163
2.5RP_4_26,220_0_167
2.5RP_5_2,136_116_132
2.5RP_5_4,148_111_136
2.5RP_5_6,159_105_141
2.5RP_5_8,171_98_147
2.5RP_5_10,180_91_151
2.5RP_5_12,190_82_156
2.5RP_5_14,200_72_161
2.5RP_5_16,208_60_166
2.5RP_5_18,217_42_171
2.5RP_5_20,226_2_176
2.5RP_5_22,235_0_182
2.5RP_5_24,243_0_186
2.5RP_5_26,252_0_192
2.5RP_6_2,163_142_158
2.5RP_6_4,174_137_162
2.5RP_6_6,186_131_167
2.5RP_6_8,197_125_172
2.5RP_6_10,207_119_176
2.5RP_6_12,218_111_181
2.5RP_6_14,228_101_186
2.5RP_6_16,239_91_192
2.5RP_6_18,248_79_197
2.5RP_6_20,255_60_202
2.5RP_6_22,255_38_207
2.5RP_6_24,255_0_213
2.5RP_7_2,188_168_185
2.5RP_7_4,201_163_189
2.5RP_7_6,214_157_194
2.5RP_7_8,226_151_198
2.5RP_7_10,237_144_203
2.5RP_7_12,248_136_208
2.5RP_7_14,255_128_213
2.5RP_7_16,255_117_219
2.5RP_7_18,255_104_225
2.5RP_7_20,255_88_231
2.5RP_8_2,214_195_211
2.5RP_8_4,228_189_216
2.5RP_8_6,242_183_220
2.5RP_8_8,255_176_225
2.5RP_8_10,255_169_230
2.5RP_8_12,255_161_236
2.5RP_8_14,255_151_241
2.5RP_9_2,241_222_239
2.5RP_9_4,255_216_244
2.5RP_9_6,255_209_249
5.0RP_1_2,43_22_37
5.0RP_1_4,50_16_42
5.0RP_1_6,57_7_47
5.0RP_1_8,63_0_52
5.0RP_1_10,70_0_57
5.0RP_1_12,76_0_62
5.0RP_1_14,82_0_67
5.0RP_2_2,64_43_56
5.0RP_2_4,73_38_60
5.0RP_2_6,81_31_63
5.0RP_2_8,91_19_68
5.0RP_2_10,99_0_73
5.0RP_2_12,107_0_77
5.0RP_2_14,115_0_82
5.0RP_2_16,124_0_87
5.0RP_2_18,131_0_91
5.0RP_3_2,89_65_78
5.0RP_3_4,101_59_81
5.0RP_3_6,112_51_84
5.0RP_3_8,122_42_88
5.0RP_3_10,131_28_92
5.0RP_3_12,140_1_95
5.0RP_3_14,149_0_100
5.0RP_3_16,158_0_104
5.0RP_3_18,166_0_108
5.0RP_3_20,174_0_112
5.0RP_4_2,114_90_103
5.0RP_4_4,126_84_105
5.0RP_4_6,138_77_108
5.0RP_4_8,149_69_110
5.0RP_4_10,158_61_113
5.0RP_4_12,169_49_116
5.0RP_4_14,178_32_119
5.0RP_4_16,187_0_122
5.0RP_4_18,197_0_126
5.0RP_4_20,207_0_130
5.0RP_4_22,215_0_133
5.0RP_5_2,138_116_129
5.0RP_5_4,151_110_130
5.0RP_5_6,164_104_132
5.0RP_5_8,177_96_135
5.0RP_5_10,188_88_137
5.0RP_5_12,199_78_139
5.0RP_5_14,209_66_142
5.0RP_5_16,219_50_144
5.0RP_5_18,229_25_147
5.0RP_5_20,239_0_150
5.0RP_5_22,248_0_153
5.0RP_5_24,255_0_156
5.0RP_6_2,164_142_155
5.0RP_6_4,177_136_157
5.0RP_6_6,191_130_158
5.0RP_6_8,203_123_160
5.0RP_6_10,214_116_162
5.0RP_6_12,226_108_164
5.0RP_6_14,238_97_167
5.0RP_6_16,249_85_169
5.0RP_6_18,255_70_172
5.0RP_6_20,255_44_175
5.0RP_6_22,255_0_177
5.0RP_7_2,190_168_182
5.0RP_7_4,204_163_183
5.0RP_7_6,219_156_185
5.0RP_7_8,232_149_186
5.0RP_7_10,244_142_188
5.0RP_7_12,255_133_190
5.0RP_7_14,255_123_192
5.0RP_7_16,255_111_195
5.0RP_7_18,255_97_198
5.0RP_8_2,215_195_209
5.0RP_8_4,231_189_210
5.0RP_8_6,247_182_212
5.0RP_8_8,255_174_213
5.0RP_8_10,255_167_215
5.0RP_8_12,255_157_217
5.0RP_9_2,243_221_238
5.0RP_9_4,255_215_238
5.0RP_9_6,255_207_240
7.5RP_1_2,44_22_36
7.5RP_1_4,52_15_40
7.5RP_1_6,59_5_43
7.5RP_1_8,66_0_47
7.5RP_1_10,73_0_52
7.5RP_1_12,80_0_56
7.5RP_2_2,65_43_54
7.5RP_2_4,75_37_56
7.5RP_2_6,84_30_59
7.5RP_2_8,93_17_62
7.5RP_2_10,102_0_66
7.5RP_2_12,111_0_69
7.5RP_2_14,119_0_73
7.5RP_2_16,127_0_77
7.5RP_3_2,90_65_76
7.5RP_3_4,103_58_77
7.5RP_3_6,114_50_78
7.5RP_3_8,125_40_79
7.5RP_3_10,135_25_81
7.5RP_3_12,145_0_83
7.5RP_3_14,155_0_85
7.5RP_3_16,164_0_88
7.5RP_3_18,173_0_91
7.5RP_4_2,115_90_101
7.5RP_4_4,128_84_100
7.5RP_4_6,141_77_100
7.5RP_4_8,153_68_101
7.5RP_4_10,162_59_102
7.5RP_4_12,173_46_103
7.5RP_4_14,183_26_104
7.5RP_4_16,193_0_106
7.5RP_4_18,203_0_108
7.5RP_4_20,214_0_110
7.5RP_5_2,139_116_127
7.5RP_5_4,154_110_126
7.5RP_5_6,167_103_126
7.5RP_5_8,181_95_126
7.5RP_5_10,191_87_126
7.5RP_5_12,204_75_126
7.5RP_5_14,214_64_127
7.5RP_5_16,224_46_128
7.5RP_5_18,234_12_129
7.5RP_5_20,245_0_131
7.5RP_5_22,254_0_132
7.5RP_6_2,165_142_153
7.5RP_6_4,179_136_152
7.5RP_6_6,195_129_152
7.5RP_6_8,206_123_151
7.5RP_6_10,219_115_151
7.5RP_6_12,231_106_151
7.5RP_6_14,243_95_152
7.5RP_6_16,255_81_153
7.5RP_6_18,255_66_153
7.5RP_6_20,255_37_155
7.5RP_7_2,191_168_180
7.5RP_7_4,206_162_179
7.5RP_7_6,221_155_178
7.5RP_7_8,235_148_178
7.5RP_7_10,248_141_177
7.5RP_7_12,255_131_177
7.5RP_7_14,255_121_177
7.5RP_7_16,255_108_178
7.5RP_8_2,216_194_208
7.5RP_8_4,233_188_206
7.5RP_8_6,250_181_205
7.5RP_8_8,255_174_204
7.5RP_8_10,255_166_204
7.5RP_8_12,255_155_203
7.5RP_9_2,244_221_236
7.5RP_9_4,255_214_234
7.5RP_9_6,255_207_232
10.0RP_1_2,44_21_34
10.0RP_1_4,53_14_36
10.0RP_1_6,60_4_39
10.0RP_1_8,68_0_43
10.0RP_1_10,75_0_46
10.0RP_1_12,83_0_50
10.0RP_2_2,66_43_52
10.0RP_2_4,76_37_53
10.0RP_2_6,86_29_54
10.0RP_2_8,95_15_56
10.0RP_2_10,105_0_58
10.0RP_2_12,114_0_61
10.0RP_2_14,123_0_63
10.0RP_3_2,91_65_73
10.0RP_3_4,105_58_72
10.0RP_3_6,116_50_70
10.0RP_3_8,128_39_70
10.0RP_3_10,139_22_69
10.0RP_3_12,149_0_69
10.0RP_3_14,158_0_69
10.0RP_3_16,169_0_70
10.0RP_4_2,116_90_98
10.0RP_4_4,130_83_96
10.0RP_4_6,143_76_94
10.0RP_4_8,155_68_92
10.0RP_4_10,165_58_91
10.0RP_4_12,177_43_90
10.0RP_4_14,187_20_89
10.0RP_4_16,197_0_89
10.0RP_4_18,208_0_89
10.0RP_4_20,218_0_89
10.0RP_5_2,140_116_125
10.0RP_5_4,155_109_122
10.0RP_5_6,170_103_119
10.0RP_5_8,183_95_117
10.0RP_5_10,195_86_115
10.0RP_5_12,207_74_113
10.0RP_5_14,217_62_112
10.0RP_5_16,229_42_110
10.0RP_5_18,239_0_109
10.0RP_5_20,250_0_108
10.0RP_6_2,166_141_151
10.0RP_6_4,181_136_148
10.0RP_6_6,197_129_145
10.0RP_6_8,209_122_142
10.0RP_6_10,222_114_140
10.0RP_6_12,235_105_137
10.0RP_6_14,246_94_135
10.0RP_6_16,255_79_133
10.0RP_6_18,255_62_132
10.0RP_7_2,192_168_179
10.0RP_7_4,208_162_175
10.0RP_7_6,223_155_172
10.0RP_7_8,238_148_168
10.0RP_7_10,252_140_165
10.0RP_7_12,255_130_162
10.0RP_7_14,255_120_159
10.0RP_7_16,255_107_157
10.0RP_8_2,217_194_206
10.0RP_8_4,235_188_202
10.0RP_8_6,252_181_198
10.0RP_8_8,255_173_194
10.0RP_8_10,255_165_191
10.0RP_9_2,244_221_234
10.0RP_9_4,255_214_229
10.0RP_9_6,255_206_225
N0_0_0,0_0_0
N1_0_0,30_28_30
N2_0_0,51_49_52
N3_0_0,74_71_75
N4_0_0,99_95_101
N5_0_0,125_121_127
N6_0_0,151_146_154
N7_0_0,178_172_181
N8_0_0,205_198_209
N9_0_0,232_225_237
N10_0_0,255_253_255
